League,Defensive duels per 90,Aerial duels per 90,Fouls per 90,Cards per 90,pAdj Tkl+Int per 90,Prevented goals per 90,Passes per 90,% of passes not forward,% of passes not long,Smart passes per 90,Key passes per 90,Through passes per 90,Shot assists per 90,xA per 90,Progressive runs per 90,Progressive passes per 90,Passes to final third per 90,Crosses per 90,Deep completed crosses per 90,Accelerations per 90,Dribbles per 90,xG per 90,Shots per 90,Passes to penalty area per 90,Touches in box per 90,Free kicks per 90,Corners per 90,GK Passes per 90,GK % of passes not forward,GK % of passes not long,defense,possession,creativity,progression,crossing,explosive,attacking,setpiece,gkbuildup
1. HNL 22-23,-0.30415850216524776,-0.01768624552044753,-0.5027358931396301,-0.08544993860578477,0.04343101418454771,1.0054368275675194,0.6709714554237208,0.4882088217313358,0.3426389593458101,0.5746063220033623,0.3595764678611767,0.268126901847444,-0.21087320479646096,0.017381773606379186,-0.0519903738699421,0.04999157931611111,-0.24039966405120725,0.05826072271390151,0.09646386711163474,-0.046686311245715824,-0.32476522363071675,-0.29026319752860447,-0.48026740834509213,-0.2790019485711334,-0.16495671294954567,-0.861323571896664,-1.40717875563112,0.4468228345434193,0.6182474937186563,0.5146658057721518,0.02313954372015951,0.5006064121669556,0.20176365210438024,-0.08079948620167941,0.07736229491276812,-0.18572576743821628,-0.3036223168485939,-1.134251163763892,0.5265787113447425
1. SNL 22-23,0.4756783323229106,-0.9157345076125948,0.08929020656185188,-0.2308578387044002,-1.0855603009211239,1.3511038388601897,0.3450862042611599,0.33719407031926096,0.38958920606873726,0.753177655564798,-0.3507294726109665,0.09765964299634375,0.45697338386991887,0.0522538327062737,0.6425070683029847,-0.2724352255271393,-0.07012605572960887,-0.6783128036261322,-1.2708045582987577,0.004452770770140225,0.5770699275626079,0.3168958055157291,0.7995476064601137,-0.27426198422646153,-0.025049753468973708,-1.013525397788045,-0.1637960338533937,-0.13346929973258356,0.6931686652038608,1.237196766287487,-0.05268004491552777,0.3572898268830527,0.20186700850527353,0.09998192901541218,-0.9745586809624449,0.2907613491663741,0.2042829185701019,-0.5886607158207193,0.5989653772529214
2. Bundesliga 22-23,-1.0168851595465584,0.6405016983976886,-0.6641651818947514,0.1494446362028027,0.11141026736133659,-0.85889862927486,0.19793072283888402,0.005459679604187885,-0.020034110466039878,-0.19171266795930142,1.6178951356508133,-0.2857397550221045,1.330087637330062,1.178532830530536,0.44690973476820706,0.32997411073909844,-0.8701055379582852,0.5538853473240739,1.0479619855813787,1.6907368632632658,-0.5788324087590329,0.9221481912496979,1.2214694396999628,0.3023279871612324,1.0113267649132835,0.30702761959720415,0.5170674124444947,2.8602702487986167,0.9731734110988901,0.6704466944939343,-0.27309872812572367,0.06111876399234401,0.7298126361060011,-0.03107389748365989,0.8009236664527263,0.5559522272521165,0.8643180957560441,0.41204751602084944,1.501296784797147
3. Liga 22-23,0.09658673145818858,0.7746742387832283,0.035435302400185956,0.5988620722110441,1.5921938464963163,-0.3628021279764562,-0.18285107979856896,-0.7155084455862033,-0.46055968947132625,-0.12377257259787859,1.3315923341182774,0.20222814790130364,1.4642496814749093,1.7835467116343555,0.18147523226439663,1.171286864637715,-0.3422013820042304,0.9808129347188991,1.148724517869208,1.0561288288469093,-0.05327364062120431,1.59760400442955,1.554525889394229,0.8715391173053489,1.036766904682452,1.0117123820964224,1.1611803527130133,1.9702738885530464,0.543281343372554,0.7436484606666072,0.45582501056208446,-0.4529730716186995,0.9315688605061935,0.3368535716326271,1.0647687262940535,0.5014275941128525,1.2651089789528949,1.0864463674047178,1.0857345641974023
A-League Men 22-23,0.37148019707310176,-0.91921167854427,-0.9920580134134951,0.15653360216736498,-1.2224600572789839,1.2357255812023218,2.0005691347269354,1.5468115043967494,1.8886712751832853,2.0339889833544578,1.5819997377793162,1.9284603013192074,1.1310192782668822,1.7972506591630428,1.7548325459008052,-0.36181949901293886,-0.1758932224420163,0.4249445907470039,-0.2680289403965622,1.5097968467808598,1.3049878451123236,1.9813860952904365,0.934001922987846,1.015847658338439,2.24577081575781,-1.2723070816710953,1.4764349203468463,-0.2851836786957433,1.2166225795408647,1.2745313847415036,-0.2283317281323268,1.8120173047689903,1.6945437919765811,0.4057066081486167,0.07845782517522085,1.4073923459465916,1.544251623093633,0.10206391933787551,0.7353234285288751
Albanian Premier League 22-23,0.9096509173919552,-0.10036752824237113,0.9891091802249484,-0.2395609836117788,0.1397296495867116,1.358547632787601,-0.603697189885323,-0.01416404634542951,0.19564881544012463,-0.32796753368870757,-0.9615883149920779,-0.4731048541220607,-0.8468066713331235,-1.226996747022955,0.0027083522066812925,-0.5316408453794635,-0.5562060515526347,0.07757071112228582,0.2584903785592686,0.42344819682592894,1.3945768506142862,-0.7481607566216426,-0.7960947372952751,-0.5135252422757092,-1.124433682882407,1.0689592902694804,-1.600420649976837,-1.1736423322679574,0.6705903037066352,0.12596656139456303,0.5095181446895111,-0.14073747359687597,-0.767292824231785,-0.36171284824180566,0.1680305448407772,0.9090125237201075,-0.7955536047687586,-0.26573067985367826,-0.12569515572225307
Allsvenskan 2023,-0.37092621634524914,-0.9396243467738714,-0.16530022878013062,-1.433573302288775,-1.798895982287992,0.7713344635139763,1.8275147540811076,1.463434117658415,1.2041160410391039,-1.4162967076644262,0.5754897771489216,-0.6276678796957782,0.4229179006703796,0.6453181002330107,0.9963625507914354,-0.1645937780370614,-0.1653095849838161,1.2780852174275148,1.3454788217630025,0.8854041294763588,-0.9726679092517846,0.2935493280690581,0.18807253119198108,1.1593066777872498,1.4451795187491718,-0.944477841938778,1.1556448067713558,-0.41805684049647973,0.8784360985983534,0.6069956732143048,-0.656164268827007,1.4983549709262087,-0.0800477618615785,0.22215306259018597,1.3117820195952588,-0.04363188988771288,0.7715270139493653,0.1055834824162889,0.35579164377205946
Andorra Primera Divisió 22-23,0.17469256265557145,-1.5266022890747846,0.7875379045469284,2.0881682759516056,-1.8980410275174457,-3.3989978193820938,-0.626701798972927,0.26468118850498723,-0.041496474019078286,-0.638415300480934,-0.852112456986558,-1.043745146348731,-1.9185782850588378,-1.2409811488465188,-0.06601922382493984,-0.7867905814279766,-0.5654322715135928,-1.5916041257879021,-1.6071004989031912,-0.47421224886297353,0.2544859147091384,-0.7419032123298155,-1.051791272250221,-2.1673313313384703,-1.6124416621868138,0.49825479256940186,-2.3966951172818853,1.3423390257292618,0.5509919455763869,0.7705411287452055,-0.6288737321367032,-0.134505694829006,-1.138766467544316,-0.4727473589221698,-1.5993523123455466,-0.10986316707691757,-1.3933668695263302,-0.9492201623562417,0.8879573666836181
Argentinian Primera División 2023,0.8007360278874148,0.45419389458449483,-0.407227639787233,0.7102823307675361,2.153918638330594,1.51757671915401,-0.9547487890169928,-0.5950491493927925,-0.4909049748274387,-0.5309653444306601,-0.5686458957223628,-0.6419767799054094,-0.5507693185893267,-1.020284430515952,-0.5900127527744715,-0.14872055636452053,-0.3243671209485385,0.01744845617028074,0.003309912911149441,0.14140239028487184,0.83055955344708,-1.1668169673568811,-0.5506402795722343,-0.4735177791696314,-1.0481761201880884,0.2760357589066056,-0.50341219991605,-0.8625372510357978,-0.2531001277436839,-0.39713398588585885,0.8715799951561362,-0.6802343044124081,-0.6625283538327422,-0.3543668100291768,0.01037918454071509,0.4859809718659759,-0.8097877865717087,-0.11368822050472221,-0.5042571215551136
Armenian Premier League 22-23,0.8098316793385789,-0.34954623378431976,0.8957534546275031,0.4112643625261495,-1.0763553303493263,-0.5718972432681321,0.09535821299630831,0.2725693259295493,0.2835034065661319,-1.2804584981464926,-1.0386154089985993,-1.806252312550873,-0.41041487143679606,-1.2850035094746277,-0.25154449327991724,-0.03177917651310541,-0.10042320591714937,-1.0539875276868977,-0.9068507746171368,0.13829203734145118,0.1211846106261842,-1.1128848393926283,-0.3413268886234133,-1.1386413223979874,-1.0547952694490559,0.4038846346411625,-1.0364301330789936,0.39122229735962094,0.23521463276998952,0.250876761937065,0.019841781515075596,0.21714364849732984,-1.1641489201214776,-0.127915625236724,-0.9804191511520173,0.12973832398381768,-0.9119120799657713,-0.31627274921891557,0.2924378973555585
Austrian 2. Liga 22-23,1.4263136815798492,0.39471757466886814,0.7030953154207524,0.38549585807276876,2.565297798944796,0.43744415473408454,-0.04672540671890503,-0.8432731483418506,-0.7955378560034814,0.390243116697424,0.40139815926852535,1.1489686915770365,0.767588154047457,1.1045252847146583,0.11447742745719681,1.4644149387297964,0.7788116631560729,-0.2313662569232145,-0.28944802928794566,-0.09978701260829044,1.6240667623423641,1.1922593118826321,0.9812660715105185,0.3911333788356857,0.2875903559318465,1.260809715203694,0.8004712648223075,1.8632469567768186,1.1953976119899576,0.8749625124746149,0.9853940639035198,-0.5618454703547456,0.7625446812610203,0.7859013431143554,-0.2604071431055801,0.7621398748670368,0.7130622795401708,1.0306404900130006,1.311202360413797
Austrian Bundesliga 22-23,-0.13562619368351378,0.2331923691463064,-0.2509553673665139,-0.3887415313964072,2.485287033201437,0.2768556874839971,-0.30139865192771076,-0.8613815188964078,-0.5331429114060107,0.9219919046290677,0.8976418216387214,1.375274721845407,0.2561188005145422,1.6781510540949416,-0.561943117976785,0.8823340845883629,0.020239309469488525,-0.7328544322389897,-1.0714273033134105,0.014098224304074288,-0.0778530761953547,1.3283498937232716,0.03955571979672551,-0.1152469472086731,0.34762639027620895,0.012395083377085689,0.6388585614151218,1.069213137171765,0.3264722264403227,0.16508074489162178,0.37000199956421764,-0.5653076940767098,1.025835660544536,0.1135434253603555,-0.9021408677762002,-0.031877425945640206,0.40007126414688327,0.32562682239610374,0.5202553695012365
BRI Liga 1 22-23,-0.5753915361097065,-1.2315520537749758,1.692078088780437,0.0955469129131573,-0.11323132520506492,-1.0244033473965486,-1.261595856699508,0.17803150116192715,0.6158680762147457,0.5755986812988358,-0.3895526513792522,-0.106651903638001,0.725414098116452,0.026496758028694542,-0.3926899680730313,-1.6219625047715467,-1.109101038626695,-0.7165388140813983,-1.0605399210470206,-0.37018443563264064,0.22873450509649162,0.3567004448359123,1.206663058201736,-0.9564512628412372,-0.2774660328925672,1.947066806141719,0.6553171229318596,-1.7771029995450605,-0.33004902083150955,0.7925421746572768,-0.19282554346545025,-0.1558987597742784,0.1662609964853458,-1.0412511704904244,-0.8885393675642095,-0.07072496526807451,0.08236155182596097,1.3011919645367893,-0.43820328190643104
Belgian First Division B 22-23,1.8081128898209038,-0.7100551685904752,0.2776523633154105,-0.05516268718744734,-0.018514476524368346,1.1281945702853733,1.3692072939177484,0.46189757703760176,0.8145818467366407,2.0622886936292493,1.2809339236084163,0.6811885350975146,1.493576861970026,1.8424301538474745,1.9967386079746692,1.4577889165427862,0.034774905847965214,0.973459322916288,0.9265362978299111,1.9689553948335659,1.923933210079383,1.9237054720145124,1.8252352375110898,0.7492107689543528,1.530316360804701,-0.6795276942308576,1.0062041591561408,1.3268119412162214,0.9915649385099287,0.5817369603981716,0.4050379151865661,0.8818955725639969,1.472083633630536,1.1631008101218068,0.9499978103730995,1.9464443024564744,1.5071169598211638,0.16333823246264162,0.9667046133747738
Belgian Pro League 22-23,0.7729832377945037,-0.3801461285435691,-0.7294591044516052,-0.28079685467551624,0.24975189065641293,-0.013999671951538896,0.7926190215007803,0.042290118481300584,0.338912291613438,1.9890878378473942,1.080916381711272,2.0237353258138397,-0.16374532660264257,0.7459829354281684,0.9571361965357122,0.5102598053769285,-0.036983228406932016,-0.670077427758721,-0.7012224051331741,1.2517328913477506,1.0411517559568788,1.1472445698207105,-0.16367209704153027,0.09201101965171526,0.804241300361201,-0.8739025063785695,0.49607633389586553,0.865221735143957,-0.14743914197774588,-0.2596095243475122,-0.0636111051952188,0.3912738105318396,1.1351954308396064,0.4768042578352362,-0.6856499164459475,1.1464423236523147,0.46995619819802414,-0.18891308624135197,0.15272435627289963
Bosnian Premier League 22-23,0.4097824792284054,0.4165983249929076,1.9500956812682182,0.9432442457566319,0.10183207761156352,0.3466167580492378,-1.2130862924978703,-1.142239868590372,-0.8038636611396356,-0.2319836857540765,-0.5055680619944847,-0.7897673077704415,-0.02462978738867392,-0.2973504990701572,-0.23047142227676476,-0.34297929580931247,0.046850939863082613,0.40124496978604995,-0.19321308642672214,0.039737742509613996,-0.14697284414791414,-0.37842038060895633,-0.07971944670660182,0.08090170306014703,-0.5981630789633507,0.7244882924834757,-0.06101560189770653,-0.31803993810728703,-0.4759450462685538,-0.390836368112589,0.6946949278178273,-1.0530632740759593,-0.3698598683955667,-0.17553325940766487,0.10401594167966391,-0.053617550819150074,-0.24385030080469045,0.3317363452928846,-0.39494045082947665
Botola Pro 22-23,-0.804799852589136,-0.02411331735967877,0.6637576229666043,0.5649814653535163,0.25205284408220274,0.6474356665486732,-0.7116776709403666,-0.16413496235796274,-0.2060483133788997,-0.17567493375235482,-1.7338390998275215,0.5331873813333635,-2.0611685230892762,-1.8960250229929885,-1.1094973498365623,-0.5762791549575548,-0.1515512329080775,-0.8961574955002545,-1.1602591278400765,-1.0530086841296296,-1.1823961626710915,-1.846373163185632,-2.1059621378373428,-1.0014555602207373,-1.8520404113388689,1.263277992343101,-1.0582580327371367,-1.0756551587078544,0.8415107254313977,0.8548357740947023,0.21655240483369698,-0.36062031555907637,-1.0667040396657554,-0.6124425792340649,-1.0282083116701655,-1.1177024234003605,-1.7014578181456455,0.10250997980298215,0.20689711360608187
Brasileirão 2023,0.262759627718607,-0.8297964263021801,0.5754828242106709,1.2968384143134482,-1.1206294219378143,1.1748855310115196,0.47768383093539035,1.4254115163809253,1.4758040503811145,-0.8256030186498095,0.9135332796788426,-1.47684829716452,0.8783588155515257,-0.12293321510388688,1.359286444519274,-1.3003388176849786,-0.9526901198166441,-0.2630381091375192,-0.27213477766175886,0.5642623329618242,0.7145973218239846,-0.4171528569029676,0.5884839201638755,-0.6375301492814188,-0.4023731802958834,-0.5323846194211611,0.9087673055002451,-0.5597847717174412,0.4842176871075912,0.4850064217096571,0.2265900915023752,1.1262997992324768,-0.12669848713756962,-0.29791416432744955,-0.267586443399639,0.6394298273929044,-0.2171430665790986,0.188191343039542,0.13647977903326902
Bulgarian First League 22-23,0.31465365001261586,-0.49924018072668264,0.05302829528289273,1.2705155103871881,-0.04472414312465712,-0.3710605178057402,-0.5647713909814902,0.08403296805974,0.31788175139408664,0.9022762333389452,-0.9339877758835169,-1.300700563702845,-0.6723994425209628,-1.2672094676029622,-0.3824596909663394,-0.8359411416375128,-0.7339361267148622,-0.9965279331260444,-1.253373478707355,0.09740933784609913,0.8528242227343187,-1.2191118510024852,-0.807663708390213,-1.476754426003142,-1.002968482373307,-0.64553233877289,-0.21633037208341194,0.30000230749362533,0.21389607468827315,0.21135640327363722,0.12052876900426945,-0.054285557175887844,-0.6544042032742684,-0.6507789864395715,-1.1249507059166997,0.47511678029020893,-1.1266246169422867,-0.430931355428151,0.24175159515184527
Bundesliga 22-23,-1.0440042120402715,0.31058087146076546,-0.6650820965157052,-0.28781161734689187,0.16887248237771693,-0.7506482635386101,1.2838875496920898,0.5716746390714404,0.37791864357333677,1.0988004664818138,2.0908542188526673,1.6379817547162487,0.6100359005983813,1.6341649748924931,-0.3374711142603289,0.6069806327683722,-0.28130744379543293,-0.582673413565962,-0.2802931694700932,0.3142683048305165,-0.40726419688744553,1.371483940125432,0.4437097904193439,-0.11787821409640056,1.271085367780449,-0.2769552605683444,0.30420204541035006,2.563952513905831,1.1300088256472056,0.6350145260324681,-0.3780154726004994,0.7444936107789557,1.414367463108321,-0.0039326417624632,-0.4314832915180276,-0.04649794602846452,0.7421002210572061,0.013623392421002828,1.4429919551951682
Championship 22-23,-0.7116617140438244,0.8257228965600715,-1.4720312320685063,-0.6134009038134887,0.04024495557304748,-0.4726531732401856,-0.047409643267882606,0.17735319895303525,0.1037538658122509,0.02361861333989125,-0.3516810070161623,-0.5640343500605394,-1.2841568299773476,-0.3949242195790105,0.48454716917381424,-0.7259016247251753,-0.4914438790619463,0.278507891947271,0.009788581057453317,0.3156901423209922,-0.2755625998012307,-0.5358901656244229,-1.2407353603379654,-0.5085797508139716,0.07945169960665344,-0.49682817180135663,0.3918759044472351,0.3481075898813951,-0.9119483654383318,-0.8674198660868356,-0.40062986183881427,0.07789914049913452,-0.5142355586586337,-0.24426611153776912,0.14414823650236216,0.020063771259880736,-0.5514383942924266,-0.05247613367706078,-0.4770868805479241
Chilean Primera División 2023,0.6758751636760005,-0.6430979518190731,-1.8039518952146338,0.9230055660409378,0.3475950003508167,0.8802719357131978,0.04814084573989875,0.08553319209165625,0.009587334100556257,0.09807549635202323,0.8634359528880743,0.4839801869495109,0.9611965386708592,0.4399135659421692,0.3266451482911483,0.5427006038667356,0.5771935585036471,0.7319487179008047,0.6816091123500432,-0.1257419773121805,-0.12644408717978822,-0.1577693863840851,0.27355860679737687,0.3024792610101568,-0.21894549696228838,-0.9158665291688094,-0.31169708504726373,-0.45439152645395137,0.3033269601755655,0.46103273111717047,0.06328296979120764,0.047753790644037085,0.5693203481605273,0.48217977022051034,0.706778915125424,-0.12609303224598437,0.04983074611529005,-0.6137818071080365,0.1033227216129282
Chinese League One 2023,-0.39055944909593043,-0.4046859162388957,1.3758358595895535,-0.7105068401372587,-0.4504136067912497,1.2157898633854658,-1.1591811543912935,0.3675638365474312,0.15591759900365512,-1.9662161080916238,-2.6939838325780845,-0.6683245664934756,-2.3153506773276886,-1.9087358501711713,-2.1307084042485758,-1.8274634635106526,-1.5033380418422224,-2.287125563233705,-2.12952819733397,-1.9038604478161052,-1.0606484397868556,-2.2509099416090432,-2.2571256360163154,-2.033677936190563,-2.0163984917187023,0.7940192722859041,-0.8872984513279878,-1.6235639680664284,0.24083521704738742,0.23154738528380583,0.10590998511861412,-0.21189990628006908,-1.9105222069324086,-1.8205033032004836,-2.2083268802838374,-1.4822544438014804,-2.1395280013836557,-0.04663958952104186,-0.383727121911745
Chinese Super League 2023,-0.2485862433720083,0.0748294478099522,0.08798968591876252,-0.6789804952512294,-0.07842273784705348,-1.2883190846839407,-0.24521636489660614,0.4691407529505417,0.5033086818846723,-0.836187082294257,-0.052213021529446985,-0.007618799919529165,-0.059442919486187434,0.32542240997365224,-0.5242626331093272,-1.198115938861798,-1.4449077923120073,0.05636689759492857,0.914770130279673,-0.6311368230853825,-0.37748719875030495,-0.5108806517923398,-0.7659776988536025,-0.08983043829643209,-0.03724168142237014,-0.2240160540427617,0.08214955323443188,-1.6007880772750167,-1.0291730008093718,-0.4446173382851354,-0.3552482379042529,0.24241102331286926,-0.12600788265115365,-1.0557621214277109,0.48556851393730077,-0.5043120109178437,-0.35098261759118615,-0.07093325040416491,-1.0248594721231747
Colombian Primera Division 22-23,-1.2638174669831679,-0.9526495009141399,-0.6740323251412779,1.7278150038747873,-0.8089556996827638,1.1614085795498297,-0.8003205672477994,0.4222596053889042,0.5276057942371487,0.11893442182782536,-0.5605399627361806,-0.3176347424270786,0.58094953753327,-1.1054696054730946,-0.9425218353602983,-1.4136994966756464,-0.8208470422121464,-1.34833670309346,-1.157918599527546,-1.4474841378661212,-1.8000027254828128,-0.9690843027751451,0.6307256758950531,-1.2660233319659426,-1.3518601229350518,0.48400767396549654,-0.07456219737798947,-0.7780647634026155,-0.7863412112874504,-0.0006530326171822787,-0.13503856821612206,0.049848277459417834,-0.25675207025505165,-1.0590227914160304,-1.253127651310503,-1.623743431674467,-0.7390605204452716,0.20472273829375354,-0.5216863357690827
Costa Rica Primera División 22-23,0.7139615033686995,1.0890010982650142,1.0283270581386557,1.5692766088917178,0.04216546120007726,-0.013505038219050067,-1.3641528418161688,-0.5721864954907206,-0.9900346875857379,-1.4154978395630955,-0.8204440627283118,-0.43776078740870294,0.9739120624693476,-0.14064462619907483,-0.9998861124786347,-0.10861247751863833,-0.2267920540167566,-0.5928317289522125,0.02840779787936286,-0.9761056956055361,0.016045663774780443,0.3471800237723272,1.408881493912739,-0.8411879154607829,-0.9383368962908116,2.7449588613048075,0.21399124855523566,-0.9693174107134045,-0.683666016949081,-0.37507783802090877,0.7382044486075189,-0.9754580082975424,-0.36808705068596753,-0.44509688133800984,-0.2822119655364248,-0.4800300159153778,-0.005865823516632063,1.4794750549300215,-0.6760204218944649
Cyprus 1. Division 22-23,-0.38624401757833954,-0.7354108031482569,0.44998174070478225,0.31794935184673756,-1.0696299129990416,0.46469088657702534,-0.06938398388264813,0.8141428086356071,0.6456771395962546,0.3901806245639434,-0.3920635363195368,-0.037176652610609026,-0.9732702110949643,-0.4446929923874838,0.18594774852439,-0.6910884049209324,-0.7983328997296587,-0.5118456615860658,-0.6047114809989479,0.2840982487109338,-0.6416529077704926,-0.3790570212435946,-1.0667897626620064,-0.6080334986501243,-0.26589221200794316,-0.18467121264062625,-0.6531842756008078,-0.41604357161612787,-0.3502258387377719,-0.21511558790161278,-0.15977712576618217,0.46347865478307115,-0.2914045535697301,-0.4344911853754003,-0.5582785712925069,-0.17877732952977937,-0.5799431236409172,-0.41892774412071704,-0.32712833275183756
Czech Fortuna Liga 22-23,-0.5407286313298035,0.8801604437110181,-0.14781536940037918,-0.3315407996541983,1.4380413222887236,-0.2090136059519834,-0.657212276132024,-1.3307079482989634,-1.0771659565045193,-0.1302968544613856,1.4208799749468388,0.4348896464659325,1.0013140663733022,1.4512399455494056,-0.34453455957020257,0.9554634065387801,0.23797254118093877,2.719006666377155,3.0969044550519964,0.8288679945946634,-0.5528502756592153,1.157315885723161,0.6104545078948101,1.9807189143679547,1.4595911735867098,0.022390099958970948,1.7084923585579974,0.650501525741732,-0.3433718424953879,-0.1803164871592569,0.18151722661056288,-1.021695393645169,0.8356053557748186,0.28296712938317214,2.9079555607145755,0.13800885946772407,1.302020120393159,0.8654412292584842,0.042271065362362414
Danish 1. Division 22-23,0.7041627651756885,0.10969415770553156,-0.8883181167842376,-1.028155891147244,-0.7211261201041105,-1.213949202117067,1.9019611502598273,0.3792136954841298,0.38634376583624747,0.5772037474136099,1.1288714448014254,0.38799085402258554,0.8499923943934676,0.8212004514887837,1.2099494063746143,1.97940732538611,1.3759849703770934,0.5714475759189531,1.2788900734116233,0.8527707600373642,0.5675103767775527,0.660710268876192,0.8433673027755577,0.854622708404896,1.3812905927791754,-0.8261348882095805,0.22694783272257388,1.8027948226221868,0.27049429504575506,0.07291653017991777,-0.5062820678785732,0.8891728705267349,0.7530517784239744,1.5217805673792724,0.9251688246652883,0.7101405684074584,0.9349977182089553,-0.2995935277435033,0.7154018826159533
Ecuador Liga Pro 2023,-1.7799798607193467,-0.5881640447456633,0.5745725842414159,2.039404353355283,-0.5176398685223021,-0.4361120115621038,-1.5088947935949106,0.0007230413662851303,-0.2876480515819127,-0.8641545415470439,-0.66729651138017,-0.4506881279245804,-0.2336186885614031,-0.6844150227441356,-0.979466885547739,-1.3672875655253738,-1.0744682265894079,-0.6475605184208216,-0.24551723923317498,-1.7920930946119358,-2.0039599325085473,0.558827678097885,0.24572089894723845,-0.5829824385779587,-1.0613333583900901,0.311764905205425,-0.9497149991162765,-0.9663349597049946,-0.6521137734854899,0.040604650100201076,-0.11798647465878614,-0.5986066012701794,-0.5800345784314666,-1.1404075592208403,-0.4465388788269983,-1.8980265135602417,-0.20994180498073134,-0.3189750469554258,-0.5259480276967612
Eerste Divisie 22-23,1.4276316009904328,-0.31252097630780434,-1.0875843756859387,-1.1926385620268947,-1.3896618058068824,-0.9676191250183462,1.5731901422517252,0.8815106614557231,0.3283579596865083,0.7628817727719256,1.1801833628185638,0.9770327151071078,0.37575554968792924,1.1314874289261874,2.1932681485593775,1.46876179487521,0.4969011333868031,0.31582358453819637,0.426726259175349,1.8876636596624732,1.2820527521344025,0.7869025030686055,0.42955206816360103,0.45154897790227305,0.9691993140942373,-0.8245393857426987,-0.030113674814083658,2.1763474633256537,-0.40828816874588547,-0.7119913068397355,-0.5870655406425722,0.9276862544646521,0.8854681658623427,1.3863103589404637,0.3712749218567727,1.584858205898438,0.6593007158071792,-0.4273265302783912,0.35202266258001086
Egyptian Premier League 22-23,-0.004606591393273057,0.5777515453803713,-0.3672444851159962,-0.8618767881330518,0.5378167578527938,0.7785762037838889,0.10895068171073391,-0.650169757322638,-0.4381590130438095,0.6120277231483605,-1.0214708849062073,1.2385973076072558,-1.4210193369563153,-1.301827408973255,-0.2504167430642195,0.6948301602029848,1.4760649253775293,-0.22659398468556372,-0.5315265489018948,-0.09968236641763384,0.07288416969621035,-1.145390339731547,-1.5882769319317431,0.557980394949396,-0.8165119860045528,-0.7263421262911497,-0.41016290238018804,-1.146856650725225,-0.9893279187742386,-0.6310209520352659,0.11006944039578885,-0.3264593628852379,-0.37873852001603225,0.6401594475054315,-0.37906026679372923,-0.013399098360711743,-0.7480497156796118,-0.5682525143356689,-0.9224018405115766
Eliteserien 2023,-1.15286579816481,0.0009530570348582998,-1.442013961089,-1.7009741031871874,-1.3721089783481495,-1.386039729649703,1.5124703798833758,1.0887127593504355,0.5578849419824463,-0.2939203248558483,0.41854129353465275,0.6493395231129437,0.27697312459892426,1.4665489688432622,1.5064222773397917,0.36680675757310094,0.9793214660616006,1.1572076577519455,1.3808376255019372,0.5976469079328924,-0.7239654982803657,1.0951427642923333,-0.12643563389262344,2.0579714819717654,2.1387384073644498,-1.0786971242875307,1.1498636686118882,1.523329807352625,-0.46436034646393426,-0.9305879819841565,-1.1755082522339986,1.0530226937387526,0.5034965170467869,0.9508501669914978,1.2690226416269414,-0.06315929517373664,1.2913542549339811,0.035583272162178714,0.04279382630151137
Eredivisie 22-23,-0.20885101163554792,-0.5040908929649347,-1.8931104201572435,-1.771657905978253,-1.073566723557984,-0.6485951540798246,1.26648827416218,1.0168744759795612,0.9059249341098402,1.3001805801294726,2.068344330186927,1.0719853093740477,1.617935864156582,1.888453459193779,1.7979844364328175,0.5982075778587053,0.07540061607586201,0.746472792407506,0.9499559216478723,1.374270653091217,0.41772736953557565,1.3354741471968075,1.4169152946107724,1.4431616766440394,1.9375212055645687,-1.2179321676199137,1.3408700480035918,1.0043145338573343,-0.25826919995358777,-0.6339365152898804,-1.0166453513956313,1.0630958947505271,1.5893799086081617,0.8238642101224616,0.8482143570276892,0.8959990113133963,1.533268081004047,0.06146894019183902,0.03736960620462204
Erovnuli Liga 2023,1.2430342110876829,-1.5673925251079512,1.0791679855153733,0.42882698236070194,-1.337878180059006,-1.14132835988959,0.5206492911555338,1.281718799072968,1.7861092815984179,-1.251580494808732,-0.9303481166533805,-2.3740336265391617,-0.3351298613016992,-1.1835443013235902,0.8921011303585494,-1.3294824869285318,-1.547256977588683,-1.6181981409428643,-1.4592435459348794,0.7605504830291747,0.6165122888781416,-0.14679919826467624,0.29589884740628875,-1.695386168201253,-0.5901362877990097,0.25293848862763546,-0.8074020466568832,-0.07199019245579956,2.099614109964698,1.648759548578794,-0.21592831434879822,1.1961591239423066,-1.2149272801253128,-0.6615461113862219,-1.5387208434388717,0.6885313859536581,-0.5341057017146625,-0.27723177901462387,1.225461155362564
Estonian Meistriliiga 2023,0.29881901219739543,-0.4481094671152383,-0.6882711808178031,0.19142286535411696,-0.3526319791865511,0.47177301591812326,0.19637668247221088,-0.3432076412044131,-0.8211956077233901,-1.6283647585995473,-1.1449517595006962,-0.32373586019389955,-1.1954261154374408,-0.14095653309962486,-0.5739796424396422,0.4641054824041841,0.39604028976038214,-0.12489485029395453,-0.6952678390637852,-1.5797000274815927,-0.1843219427581708,-0.05768004360285983,-0.5721474700327421,0.44451546996578295,0.1827956177778922,0.5646270609827121,0.9402122448936702,0.8065561227308993,1.266057760668152,0.34423497531683395,-0.08783295560832616,-0.32267552215186407,-0.8866870053662419,0.09538870990830801,-0.41008134467886986,-0.8820109851198817,-0.0006291064729817067,0.7524196529381911,0.8056162862386285
Greek Super League 22-23,-0.6347208322268606,-0.9249369760978638,1.1505640750672514,0.4115477143107536,-0.546171212136632,0.5454829689433169,0.5909702869098592,1.109018262411865,1.0352186000642678,0.40152400571522606,-0.20031073330419838,-0.46707892663812184,-1.200880087808673,-0.17683039676893167,0.3540042207589361,-0.8216211634078072,-0.9754262063482092,-0.35970671164361534,-0.5271548860694042,-0.09298347165347598,-0.7989031308004177,-0.6152758441840992,-1.4001404055454796,-0.7424860595687668,-0.22547768549360447,0.2868208199190947,-1.5231399785794344,-0.5726151673727885,0.23149131538607995,0.11251715675896043,0.000294289643327561,0.9117357164619974,-0.32871522776093975,-0.48101438299902677,-0.44343079885650977,-0.44594330122694686,-0.7458449986979876,-0.6181595793301699,-0.07620223174258271
Guatemala Liga Nacional 22-23,0.01185757717710237,-0.026118226179752218,0.9619961629045289,1.83231919084504,-0.22611493086799048,-1.0675684669848313,-1.5608490653790952,-0.6634501994050217,-0.8682401826412258,-1.0307767130816368,-0.6538535214140263,-1.7220924163098033,0.5198699130789736,-1.096912997498237,-0.5651807838104355,-0.15122917249928305,-0.054085527627052404,0.7852849094219011,0.6410770496095762,-1.265836850172004,-0.20372219687079254,-1.1238046190157092,0.5218101886097507,0.05608774961207895,-0.979659091005077,1.4591491654150757,-0.2630672016351023,-1.1752952426571164,-1.062359842124873,0.043662469706593675,0.24772855114901624,-1.0308464824751142,-0.796753147044946,-0.2568318279789236,0.7131809795157387,-0.7347795235213983,-0.38139144294973915,0.5980409818899867,-0.7313308716917987
I-League 22-23,1.2637542694724848,-0.6595226745753856,-1.5177177981323058,-1.176509950286713,0.1704087463183841,-2.193305979139674,-0.45229448967245955,-1.1488749967338872,-0.4961956236291839,0.07557487850927544,-0.4402512835445263,1.5772678873130594,0.8823947515966679,-0.09026498551607363,-0.3485348482807215,0.7235678477487134,1.2914313487326565,-0.2712227036423469,-0.7578238996590854,-0.5798299565638663,1.3527059538050714,-0.30973769145867647,1.2564408826422642,0.46853261888162573,0.012605869869978449,0.5232845855825677,-0.13094064956355445,-0.8549677284218481,0.23051736697824285,0.9412552551861624,-0.6854822310572016,-0.699121703345177,0.40094424967168063,0.5554881160668829,-0.5145233016507161,0.3864379986206026,0.35696041998379796,0.19617196800950665,0.10560163124751905
Iceland Besta-Deild Karla 2023,-0.6960273093510464,-0.6333525202936781,0.016515427828927013,0.17520233236475266,-0.1585716877223332,-1.3589312698913008,0.26539133391011643,0.3121094063495379,-0.273314020578681,-1.227269880061632,1.5891936090576475,-1.1812134799453848,0.6534411276455699,1.7704790085884081,1.3316775685954785,0.4438466733527696,0.221533221536992,1.6927623250300912,1.897231875691605,0.6998077983907892,0.07087023519668412,1.3404584444590795,0.4694126536840464,0.9999004427181267,1.1463112901409687,-0.2027549930668935,2.0157704600880257,1.7476836390643538,0.11463053299493246,0.028579098037407717,-0.44252750451077977,0.10139557322699112,0.3209260770569218,0.6656858211617467,1.794997100360848,0.38533901679373667,0.9890207077505553,0.9065077335105661,0.630297756698898
Indian Super League 22-23,-0.6895536290985733,-0.08262308989988304,-1.951714503433353,-1.0405648011379676,0.9243556997814927,-2.0575029194236407,-0.6833832700940722,-0.45460310902889695,-0.02999906577436881,0.742120232462237,0.15693600113869524,0.5840023395256838,0.11120081852990707,-0.08817801736107925,-0.7021026998304756,-0.36437363029254255,-0.10283110762499012,0.033917346910971105,-0.4977040905809563,-1.030134567614632,-0.8939265303229476,0.004788141911402025,0.41134425536027913,-0.021151144750155126,-0.1738606189998753,-0.9585885894056697,0.4638163685745529,-1.4840422314931165,-1.4174076260568953,-1.0885053298854976,-0.8162672072019874,-0.389328481632446,0.3012162748590888,-0.3897691459160027,-0.23189337183499262,-0.9620305489687898,0.05528015838041269,-0.2473861104155584,-1.3299850624785032
J1 2023,-1.1622052109964447,0.08806914117374251,-0.6842846848915446,-1.9272032458689257,0.43435170148373775,0.2209125831643608,1.2405413978404742,0.4324396691369065,0.6135334746706528,0.299774731585863,0.5131127786843834,0.5672669286651971,-0.17269784056489357,0.17726380578231044,-1.327330361805757,0.28424178805062744,0.2713356786652181,-0.44493671115054356,0.0216948754264314,-1.3114168785236011,-1.274101955663124,-0.06362172272928739,-0.6104231773169821,0.6412739919830925,0.7138841366463692,-1.1684738182028638,-0.16290947914482012,1.8846008445441023,1.095556790191883,0.33478755219813555,-0.5050599526558456,0.7621715138826778,0.2769440808305721,-0.2572509650299705,-0.21162091786205608,-1.2927594170933625,0.17027830714579806,-0.665691648673842,1.1049817289780404
J2 2023,-0.6540220698233188,0.8560981683876857,-0.7764559534939081,-2.2214657323285407,0.2583610996299991,0.024753259624638684,1.207232735177234,0.23095951680776702,0.6116157929250436,-0.6943641959667071,0.47305882207798416,-0.397229297141609,-0.1618202896723816,0.04221854920057339,-1.5279435842389606,0.42373304342996343,0.5741376482126795,0.6752161304594293,1.3018208471700992,-1.0950294734377561,-1.811837909980981,-0.5419209940291847,-0.5760050734684642,0.8841255784983355,0.31746451091244865,-0.9879556283160071,-0.3056565809837346,0.3207942357345632,0.7773128980129849,0.13808865037191329,-0.41878853800057403,0.6832693483033482,-0.14762728230042801,-0.1766909641987726,0.9885184888147642,-1.4534336917093684,0.02091600547828379,-0.6468061046498709,0.41206526137315375
J3 2023,-0.5935269208161262,1.0919798293432859,-0.8681067088878286,-2.0484959895814603,1.0069408676094784,-0.2786975047956455,0.7713565097668671,0.093484088685448,0.27650790405618025,-0.797587472534176,0.2406510932999705,0.8695651139451006,0.3530099105677898,-0.10450195802700483,-1.901182075960738,0.46339704658039743,0.5075642129272167,1.2382000345689346,1.1905439780758365,-1.5003687543562705,-1.261855646832787,-0.3770992518497995,0.11069002858182396,1.5942012906231429,0.6108001236383692,-1.3551238352952462,0.5041422644018542,0.9143460666747477,1.7801707723566524,0.9895920656307694,-0.2816510711880494,0.3804495008361651,0.11222733745033601,-0.3100736054843747,1.2143720063223855,-1.3811122005945289,0.4846480477483841,-0.425490785446696,1.2280363015540565
K League 1 2023,-0.3925965032214433,0.3678640566892229,-1.1425501682809458,-0.7457408084881546,-1.291668059403304,-0.5714546592178943,1.7376864611914988,1.5580733849802695,1.1998397986476568,-0.352425825034288,-0.23566475686071567,-0.05581927254208805,-0.28230258324180996,-0.43029964567091517,-0.008889055771021238,-0.08700938215093995,-0.12321478339913856,-0.8248889967948471,-0.4198205830020672,0.3241818669799992,-0.7248531955112253,-0.27433205301517827,-0.2746871096883957,-0.45510963345349115,-0.08298115463989415,-0.6951725415593986,-0.6180090472338211,-1.2342261339834055,-1.0672485946156298,-1.0689062527429594,-0.6293576903204199,1.4985332149398083,-0.27130241666996335,-0.07303774044036658,-0.6223547898984572,-0.20033566426561306,-0.2717774876992398,-0.6565907943966098,-1.123460327113998
K League 2 2023,0.5778842277714298,1.4230366471680735,-0.6865602047568504,-1.5138292675665805,0.1482370356852652,-0.9023532566285799,0.906713022992462,0.8051682378563317,0.25044782841499547,-0.9419470562419995,-0.4111427618963453,-0.29172364478954704,0.04093792703540607,-0.8067507480283312,-0.38088200023794383,0.5571288565773069,0.2503579181613337,-0.786199093959319,-0.5895582925223112,-0.7193759299029413,0.08479683639621562,-1.4177167065594738,-0.23818896046935945,-0.7461033143952515,-0.36892841224879896,-0.924939587361505,-0.5521362521135306,-0.47138285395387625,-1.667282666107108,-1.3193480951506176,-0.1589308030545404,0.654109696421263,-0.48212525678416346,0.14220159150023226,-0.6878786932408151,-0.31728954675336285,-0.6927343484182209,-0.7385379197375177,-1.1526712050705339
K3 League 2023,0.5284237256617189,0.9515476759925032,0.8179050757532098,-1.7361347772986109,0.053518749104618346,-0.06249544090429736,0.6716369072099945,0.460223929747872,0.2878073152431738,-1.0608582499876724,-1.316776705813744,-1.4466831232705937,-0.9582458487876749,-1.3251304816286291,-1.0747665053505282,0.5590421838398433,0.9720471448088773,-0.692751679114744,-0.48727156978194863,-1.4841361877035641,-0.4468961136901768,-1.6774808273539483,-0.9565723271795415,-0.6407254732970589,-0.8464624115583028,0.2546244198043141,-1.4342788033666833,-0.8995240858097067,-1.9234529057288523,-1.292730149947701,0.09212750138485705,0.47322271740034677,-1.2215388818976627,0.15210760776606413,-0.5900116244483463,-0.9655161506968705,-1.030310259847213,-0.5898271917811846,-1.3719023804954198
K4 League 2023,0.949483631959892,-0.21533093600332695,0.4382587518055226,-1.8092418321615726,-0.8543305517106631,-2.0376329260473707,1.1477545771259512,0.4888728910414831,0.4827544058140863,-0.8678658818568022,-0.18390687336037945,-0.18560421698330706,0.3690431337481989,0.399912353102779,0.12948224676472941,0.6520388775912529,0.7501007117001357,-1.0961614385080898,-0.9091004927171772,-0.0386438226942605,-0.1226565186332982,0.4631207854244925,0.6336667749219976,-0.24999106550140712,-0.22147412671911582,-0.4837791364606943,0.17469812152114803,0.09368534580740022,-0.1172762212714314,0.5163304617332919,-0.5881323103595865,0.7064606246605069,-0.09368429706990213,0.510540612018706,-1.0026309656126335,-0.08065017066377934,0.15633059203149177,-0.15454050746977316,0.16424652875642023
Kazakh Premier League 2023,0.14228878742969817,0.43856055966624385,0.9241833526398419,-0.04570277398569373,0.6501847834013523,-0.8670378675011052,-0.6730363374883566,-0.7178191810821554,-0.7087617924774965,-0.8072227040021367,-0.6329457347998894,0.7122043501213088,-1.1554484927253554,-1.0302873386727018,-0.21361336996359806,-0.1881327246563005,0.1666055235561697,-1.3868811013419433,-0.9639915689162485,0.299059936717507,1.193227312103927,-0.7140447398413912,-0.4663199227976125,-0.6947515882427576,-0.6172418816676137,0.5293779877231852,-1.394210142493247,-0.9331323864002302,-0.7564249364112795,-0.6349458939472066,0.20707947360838952,-0.6998724370160029,-0.582739984015755,-0.07838019035457627,-1.175436335129096,0.746143624410717,-0.6230895331373438,-0.43241607738503085,-0.7748344055862387
Kyrgyz Premier League 2023,2.9604215427255287,-0.2802497979710961,0.7196856710160315,-1.7402325485900383,0.25743073041443815,1.300709848895584,-0.9822282321251407,-1.9483065018960117,-1.263807451869816,-1.2954477313513337,-0.45938903634781936,-1.0587072987848833,0.9706455092893568,0.5184929807899371,-0.43022574391492785,1.4525673669614945,1.01654104063767,0.05320529770277554,0.5032682210097038,-1.006388581795888,3.2397783046349486,0.5796714246138391,1.983691393094815,0.9080685412097652,0.3613801825426135,2.506778070107351,0.025907918506325484,-0.8303427402817078,0.8793040040961722,0.6431216677065191,0.5362942410817414,-1.398114061963656,-0.26488111528094854,0.6796275545614122,0.27823675935623965,1.1166948614195302,0.9582028853652582,1.2663429943068383,0.2306943105069945
La Liga 2 22-23,-0.6627062463085209,-0.2338324300945378,-0.03761434935903544,1.030181303124801,-0.847269389124111,0.7454210409876594,-0.0004954057913852681,0.9479328881292689,0.45970981866119703,0.07140122364175855,-0.734223508280756,-0.5472411680938276,-1.2966282037785242,-1.4448741947051655,0.4519320398285794,-1.0648887966277454,-1.1776508206125105,0.4453538340154,0.14844542316032716,0.6736964248407513,-0.6461440074343896,-1.6157964188183411,-1.3711872315294487,-0.8652445952612191,-0.9217736562858478,-0.1861038104581646,-0.4869442225383874,-0.040601671129458845,-0.17003154158670267,-0.21480724637425053,-0.000970011795624115,0.4690491003330269,-0.7903131702433029,-0.5968691924705588,0.29689962858786356,0.013776208703180859,-1.1935004754737142,-0.336524016498276,-0.1418134863634707
La Liga 22-23,-0.5036840250925466,-0.8112690057450718,-0.08462809867663347,0.9678115511141803,-1.0176111112699682,0.3646089681840711,0.8080680395450123,1.385077409497946,1.1013868788786298,1.3765668333844807,1.4741149806159366,0.8236739589655883,0.26773155642189933,0.2788474452417285,1.1757984097984735,-1.2495563184737615,-0.7954792892888358,0.5187310443242648,0.6353115742701887,1.1784466018939088,-0.0649919199290041,0.0728449936155958,-0.10131385822835558,-0.06449461679087767,0.528053495407907,-0.6926003528539919,-0.10118066536253598,0.2792021013845096,0.10415032781407102,-0.05085377358852759,-0.18079528691432808,1.0981774426405293,0.8441869549259267,-0.28974573265470793,0.5770213092972267,0.5567273409824524,0.10877250350106739,-0.39689050910826396,0.11083288520335101
League One 22-23,-1.1742866974081525,2.1975400454142826,-1.2842257564301842,-0.8783800823423088,1.190864254373013,0.3203763532081798,-1.0121046704185186,-1.253623057582979,-1.4796920763924213,-0.68027321309541,-0.24869103038074816,-0.2626442549056494,-0.6966978591137123,-0.15172801938895147,-0.5586150802574773,0.24082114116737702,0.7391009169505203,0.28942974793897025,0.3344764538032866,-0.022335858498728833,-1.075760855073483,-0.08243746154561384,-0.5210731302491558,-0.10186680138283535,0.11935911736620927,-0.5169042069895649,0.6325885569757893,0.9161198258764511,-1.3147119477979987,-1.704405229256434,0.06198135280247167,-1.2484732681313062,-0.4080068753768943,0.14043565928680665,0.31195310087112843,-0.5490483567861059,-0.1465045689528489,0.05784217499311223,-0.7009991170593272
League Two 22-23,-0.8814931726133378,3.189500953315248,-1.0852484153847317,-1.079645078623285,2.0931567461771823,0.21888121793445672,-1.6705324214887192,-2.2372617278360543,-2.4603567558917874,-1.518278579159259,-1.3189694255105477,-1.4184377027824924,-1.7565847978905373,-1.1196519902348732,-0.9744120933686182,0.43503907800225455,1.0506932732945788,-0.01909696636984562,0.08691165332445412,-0.4162275229193545,-1.2779728354871716,-1.0728727631133441,-1.5152662356669773,-0.7739350765169307,-0.5541747898944005,0.32553119660365315,-0.37134170353174395,0.20550746601008843,-2.5778388174338187,-3.1850981987595532,0.4091920418009221,-2.1227169684055203,-1.4263844991155419,0.17044008597607174,0.03390734347730425,-0.8471001792032631,-0.9790622162979132,-0.0229052534640454,-1.852476516727761
League of Ireland PL 2023,0.08599753299846782,1.6345443960641275,-0.46242764824214994,0.329877021639391,0.8999385196375271,-1.5017035239372734,-0.19566186607160618,-0.5784912549768678,-1.3688679886985349,-1.7787549791916046,-1.2077740212210901,-0.39728239304705093,-1.3037159669342027,-0.6079671058379845,-0.6203814041169928,0.7458467164899899,1.0761114243677183,-0.11812001120825183,-0.3067566612560084,-0.3342152416400576,0.5929256375470723,-0.8895962050951056,-0.9997937342665407,-0.7618307541802182,-0.549428891938932,0.9529370609040132,0.5918902167926968,0.8587232391961231,-0.6194433446474567,-2.011234444012644,0.1643710496933484,-0.7143403699156696,-1.0590988932463865,0.40052557891357177,-0.21243833623213013,0.12935519795350733,-0.800162396370199,0.772413638848355,-0.5906515164879925
Liga Leumit 22-23,0.6562167157220531,-0.952814794815831,-0.9782177282876687,0.7441927806155093,-0.25067196946377457,0.6779900464079872,0.24630177042245213,0.3358541457025128,0.3453191608520428,0.6195056239119554,0.08258183011198893,-0.40972230395378134,0.578498736219667,-0.14619659986156402,0.9908220754617042,0.2080406382603774,0.0420829196387865,0.12992360887151402,-0.01514541709087236,0.3895904052784903,0.4612499310428584,-0.07525005133953876,0.5563257997334877,0.23775179999203905,-0.6151074864654651,-1.283349969831083,-1.6445998255493028,-0.05801388989075787,0.5802131571531113,0.6181712014127851,-0.017217491636954112,0.3091583589923359,0.14493345728565318,0.41364854445362265,0.05738909589032083,0.42542016816067435,0.02593001548013074,-1.463974897690193,0.38012348955837955
Liga MX 22-23,-0.04553666989693638,-0.2464329998550854,-0.7932091937140805,0.460177548631465,-1.5059075183927628,-0.7811737477727638,-0.5832951786033814,1.0404897718677188,0.7637805651967194,-0.40208878644918306,0.7983777938974751,-1.64315355703809,1.065067427309403,0.05797630748407579,0.936922858167034,-1.050954541012864,-1.2469590829224433,0.24214643274360537,0.5339102267714906,0.4284533076849461,0.09508140498169743,0.11457581240212247,1.0994783400551207,-0.8851522822927026,-0.47249150439672555,-0.6957330071148167,-0.10157696633420288,-0.38087235974953754,-0.11568178168572509,0.6384993062145004,-0.4853470968333606,0.40699171948701895,-0.024764162959263824,-0.45366358858942446,0.388028329757548,0.26176735633332177,-0.035897408558046226,-0.3986549867245098,0.04731505492641258
Ligat Ha'al 22-23,-0.7574945160189298,-1.0795540224388016,-1.4196191824677922,0.5070667674679239,-0.46867916195181275,0.4038545204440122,0.5486600649844765,0.8342977706956127,0.9049761234615612,1.7731874025152408,0.5966447423947441,0.9186936413417872,0.16044693927871181,0.19584473931790256,1.0028316274754592,-0.31104561314707696,-0.2488723090146263,-0.18517119636134385,-0.20701673797401418,0.4835196593301197,-0.35039217588772803,0.12104174751659194,-0.2125709649339501,0.4272339998119819,-0.12588593611628798,-1.8567509890216605,-0.7929188860064338,-0.055903569152469,0.20501804898159287,0.26370663447876974,-0.46907093249423343,0.7626446530472167,0.7289634929696773,0.147637901771252,-0.19609396716767902,0.06656374172119583,0.052454711569583944,-1.3248349375140471,0.1376070381026312
Ligue 1 22-23,0.41525732560471085,-1.0400945188425212,-0.23619086613731063,-1.0518394680701146,-1.492235247188513,1.1027797402337456,2.191660996587227,1.5852810899504826,1.7849698874432671,2.6553965875775196,1.6164679804549063,1.9221730301876652,0.3324235405455659,1.2442749091584933,1.7865850145369058,-0.49466913914699917,-0.226356821521864,-0.3386699634706835,-0.7831244372290228,1.9227451724974245,0.8047082992120653,1.6003685921828823,0.15804870583736338,-0.12962540543551127,1.0079274183739937,-1.1984760603503184,-0.268864576457033,0.2978438854155098,1.0333212210253933,0.8221075568054496,-0.3837205057333339,1.8539706579936588,1.5541472095848299,0.35518635128934756,-0.5608972003498531,1.363726735854745,0.6591798277396821,-0.7336703184036757,0.717757554415451
Ligue 2 22-23,0.6117261227255948,-0.2096170305754879,0.5643119462222982,-0.5795980592406577,-0.877498426286289,0.3705804425585792,1.3797364379337893,0.827222463439771,0.8156527193232649,1.2344666114583154,-0.199673563528139,1.6125110557386462,-1.0664394946667333,-0.38997463774452423,0.9102244902234153,-0.14756524986005218,0.2611196930781133,-0.49560025109305317,-0.8868452486473686,0.7378070258207894,0.8387295422675215,-0.5698642410728177,-1.2350510014586913,-0.9266282459479137,-0.7310875538721371,-0.19594266827627713,-0.8858881498100323,0.02115921499882425,0.3963810604321437,0.44023513916791784,-0.020015834099327067,1.0075372068989419,0.23817799425151298,0.3412596444804921,-0.6912227498702108,0.7882682840441555,-0.8656577605878899,-0.5409154090431547,0.2859251381996286
Lithuanian A Lyga 2023,1.061731279508597,0.18645878282976497,0.31901153336324256,-0.7344297081649335,-0.5632965069411122,1.4008556398255172,0.9308074342517525,0.21251377814252562,0.06661234504501048,-0.43749232087615064,-1.068416928864981,-0.7684970632381851,0.322431927356191,0.08380056246985117,0.7143914236577616,1.3438191020551247,0.3659686702385118,0.4783821942756983,0.5531785004182752,0.6884187266093194,0.22723500761448528,-0.23998623674738312,0.2473542040979841,1.425115264624574,0.14691701492401885,-0.11305186055043719,1.1326491219955528,-0.16733782902595007,0.8609795828173429,0.6599310725379822,0.2783885034035127,0.4033111858130962,-0.373634764630655,0.8080597319837994,0.5157803473469867,0.45782686711190235,0.3948500617247985,0.5097986307225578,0.45119094210979166
MLS 2023,-1.1815257392328566,-0.9200214883218991,-0.691485548038016,-0.11692622992673848,-0.9272806607785731,0.06241601880546169,1.045132622862486,1.506260696789181,1.3888253593608577,0.6790632049292807,0.40715745018007937,0.48042518284860464,-0.06863852694054527,0.024609368821758775,0.07802859918349046,-0.4376371551095257,-0.8044449487632942,-0.6646404102089108,-0.7801746101260919,-0.4634259842175971,-1.0377344078623165,-0.2634395740400667,-0.4758373598185093,-0.5641321993358606,0.42507945428520233,-1.0251808495232044,-0.05021124948437185,0.10695291466275647,0.6234046083709021,0.254598972514921,-0.6291372745821034,1.3134062263375081,0.30452333596783565,-0.38801783489644315,-0.7224075101675014,-0.7505801960399568,-0.21958241972730858,-0.5376960495037881,0.3283188318495265
Malaysian Super League 2023,-0.7097103623536934,-0.6171944568411984,1.0790739894915973,-0.5063694916816288,-0.2869141207542182,-2.5266804328590893,-1.4961656566054637,-0.5843777353810431,0.08699744083543332,0.16234552240741662,-0.5665425612891684,0.9189069522481782,0.25277539242204144,-0.4692274417100977,-1.5836173863035812,-1.7076554210805952,-1.0653566763252469,-2.2886050123011605,-2.0749102415357012,-1.6393944583255735,-1.0253343466508533,0.4771009100874511,0.9325225786367293,-1.8743408203769112,-0.828108849443791,1.9786261146720108,0.3721237924699218,-1.3049126745988389,-0.4621292977750005,0.5071433477016185,-0.5946324791663719,-0.6645153170503578,0.05965157281567403,-1.4522098279031412,-2.181757626918431,-1.3323644024882135,-0.3232065452741305,1.1753749535709663,-0.4199662082240736
Malta Premier League 22-23,0.5059637254456566,-0.5513734612555793,0.8155827685227057,0.606578370146465,-0.06443936427193216,-0.14234464931743307,-0.6345661302068661,-0.9493972395915469,-0.5258524926631418,-0.44172962064410193,-1.0295314973408154,-0.4577350330067031,-0.6702895379611908,-0.44169507358066673,-0.23653494651063198,-0.29228446406500563,-0.09756584856134808,-0.8002021232635204,-0.7545722387452041,-0.2956553214980602,0.12306593301029649,-0.30566368174829345,-0.31754125257395815,-0.7396493332106623,-1.1739866737179143,0.9390423775336959,-0.6140239618282459,-0.790489683262267,1.1149217681600716,1.0761531768364967,0.1949945648783138,-0.7032719541538516,-0.6081961525066956,-0.20879508637899524,-0.7773871810043622,-0.08629469424388184,-0.634210235312707,0.162509207852725,0.46686175391143375
Moldovan Super Liga 22-23,-0.18746192471153794,0.053513099232970485,0.8380831474655258,0.23924968510430938,0.031441040660631095,2.0018411958487183,0.4989380132587342,0.025105670742273326,-0.19315057127994525,0.09770690801514843,-1.223048926743649,1.3259024614470165,-0.4822864956282211,-1.1757694325789982,0.731925204132932,0.6496775460822801,2.1145518549895597,-0.0024738787884779068,-0.7096938567996698,0.7907146278411086,0.11831556635937342,-1.2312027642222532,-0.44295437786820197,0.6241319285439646,-0.8210361660617809,0.3761529020935023,-0.9817689848442034,-0.3293431977071771,1.7552552185131933,2.078372748975229,0.49611104060010286,0.11029770424035408,-0.2914990970977407,1.1653848684015906,-0.35608386779407386,0.454515097100241,-0.46776534490206784,-0.30280804137535056,1.168094923260415
Montenegro First League 22-23,1.0194826647659776,0.2854221962689919,2.0485877917381594,0.08531184169099765,0.46245552098031484,-0.5216631534288143,-0.5464977845158789,-1.4778055846988092,-0.6643575335841004,-0.13074638864296967,-0.9924423385326127,-1.0712727275226674,-0.5756705140783106,-0.86540333655105,-0.25257199898490906,0.7015929668094201,1.4146702118391505,0.02952830045960051,-0.40974988121800193,-1.3040146054817956,0.9650260795979134,-1.242363927553005,-0.816296670142422,0.14358349306518922,-0.9039370797879128,-0.05272163365262916,-1.0242925140343508,0.1477079288349229,0.036987984277719446,0.44188465185424497,0.5632661436692712,-0.8962203009329294,-0.727107061065522,0.6212303932212205,-0.1901107903792007,-0.1694942629419411,-0.7047535461045377,-0.5385070738434901,0.20886018832229578
NB I 22-23,0.21755741865317993,0.9530535369359487,0.4176272120394726,0.6994139303854344,0.9109215578710816,0.1669022719373766,0.18480509508686543,0.06985708819468556,0.09036506471362159,0.06108839868700934,0.44744226544405663,0.3292944897520579,0.6193399620667587,0.5853763112292493,0.22663011039307202,0.6260160835021983,0.33426895403920603,0.4888338274028391,0.3051447082796179,0.2475297539460465,0.20683195416285444,0.691216636900133,0.494709341572473,0.47610200196387725,0.503829709338767,1.2138658050333617,1.1360369295331882,-0.38912730892477115,-0.7466538657971069,-0.7792023803947788,0.5609126546370823,0.11500908266505754,0.4085082854358263,0.3956383826448255,0.3969892678412285,0.2271808540544505,0.5414644224438125,1.174951367283275,-0.6383278517055523
NB II 22-23,1.4721748581687097,0.6140096348610574,1.8352551309150298,0.3148946618947436,0.9298033261398075,0.49047260186010677,0.44018477301837117,-0.9010755321183054,-0.5356418807863932,0.29847885768679966,-0.17657022954555127,-0.1068549122059767,0.37703546796232,-0.18073729534448907,-0.044786390520204854,1.787362536936157,1.649608400366926,0.8175454460882867,0.5891497882565472,-0.7748060396553165,0.9769675988762346,0.13119086908037203,0.7895961192676718,1.063246976163523,0.5707224033093578,1.2951074318903624,1.0148889550302602,0.6574106876730164,0.025668220684132558,-0.08928711776975737,0.9427683689732423,-0.3321775466287758,0.04227037771062053,1.1307281822609594,0.7033476171724169,0.10108077961045908,0.6386890919552312,1.1549981934603113,0.19793059686246384
North Macedonia First League 22-23,1.8686205364165325,-0.14572839157398557,2.78033638357891,0.7663807235568506,0.749972153375249,0.1588777781943195,0.0673629271269195,-0.44950156499996496,0.2809072017200242,2.796779139973534,-1.02893550194489,1.1425324631854634,-0.6126323955139183,-1.1105166060709089,-0.18329034731317018,0.4990702307785902,0.9462776903600111,-0.21411367932915182,-0.7082358599171145,1.969392806862734,2.1172715745335404,-0.5063707880311779,-0.19543576115326766,-0.26307410022674244,-0.986312326711059,0.9267023219123786,-1.354888595687916,-0.5308196253692621,-0.24584503869857596,-0.10464713459974403,1.0297431972579794,-0.03374381205100709,0.23744541992585613,0.4206858579418104,-0.46117476962313314,2.043332190698137,-0.4877982440305617,-0.2140931368877687,-0.2937705995558607
Northern Ireland Premiership 22-23,0.45053625854607265,3.0174286078949124,-0.6225368180489723,-0.36503433942520624,2.4088202703039037,-0.6067158669313575,-1.4559938692591603,-3.3243511147148794,-3.7360816798579815,-0.6087799963801659,-0.11159191457252585,1.5112430228946923,-0.1952036280768113,0.8407188834359105,-1.547485722676419,1.9683223452514282,3.186488594131002,0.25159734607561823,0.36735753108218155,-1.1837982809077383,0.1956999063788048,0.563018121053142,-0.1167226002874784,0.9804972605592222,-0.05726292659012875,1.4327059465604928,-0.006866021319180661,0.4893655698199363,-3.0928268985023895,-3.255320029808361,0.7137496853898923,-2.838808887944007,0.2872772734602199,1.2024417389020037,0.30947743857889987,-0.4940491872644668,0.34238246368368924,0.712919962620656,-1.9529271194969382
OBOS Ligaen 2023,0.043071544331494974,-0.17892082074134763,-1.1075521570068911,-1.6534807204432276,-1.5080203771735368,-0.14007835176412656,1.4893519395764645,1.1131071599108975,0.7726566752930722,-0.6987591184287307,0.75472392304929,0.42134864533598004,0.7345528887170397,1.5291389233755943,1.407280530114318,0.7428264709827413,1.340350720406472,2.441808098866352,2.2758549134641197,0.3600554742153167,0.5325318010289168,1.055369730672104,0.22890977935234283,2.7685266341976114,1.568450299686103,-0.8679178465305224,1.3474866358607533,0.7453223283764016,0.05248986930807915,-0.29932945777411313,-0.7574968137996058,1.125038591593478,0.5482010524098346,1.1634859071678438,2.358831506165236,0.44629363762211677,1.4053141109770404,0.23978439466511547,0.16616091330345586
Panama LPF 2023,1.7488510960527652,0.047053757086660764,1.7068019480839027,1.747484157581785,0.3320409623008708,0.521491183629817,-2.0445945127928042,-1.5679649838773004,-0.7681795363954116,-0.5771611867842532,-1.8250152055449504,-0.43901466548735635,-1.5033982784274424,-1.3004845882943517,-1.32719826836573,-1.278090686296373,-1.082637272775638,-2.747923327876396,-2.833171401968301,-1.2089832767072843,0.5673075887975962,-1.0704924957566972,-0.7774097079230037,-2.46318614794918,-2.0032378791380747,2.5026377761470804,-1.3941422934380718,-1.23447577333459,-0.7415553138502564,-0.6072128912459219,1.0172871841226336,-1.4602463443551723,-1.1290147849076708,-1.2293087424792468,-2.7905473649223485,-0.32083784395484405,-1.5785815576917388,0.5542477413545043,-0.8610813261435895
Paraguay Division Profesional 2023,-0.539319672166636,2.214271819839852,-1.4857776584069178,0.19164733419890742,1.0069981309942662,1.736322995096538,-1.0842953900970715,-1.4584782433325394,-1.6768000262472282,0.1053796757602455,0.9801283577804287,0.3272527396910686,1.4711951136542374,0.5810668417804778,-0.765283500144955,1.0102744766020246,0.8427661770293775,0.9364106813835109,1.5933406305732354,0.6273112097545488,0.07880088846276997,0.02347098496111407,0.8845331606091392,0.9062552103555385,0.24872834085982418,0.32328136426280013,0.117396847951834,-0.5722483222147128,-1.9493454246063269,-1.7283340799274576,0.5206904915926683,-1.406524553225613,0.6930045457332916,0.36258571782881566,1.2648756559783731,0.3530560491086594,0.515746924196404,0.22033910610731705,-1.416642608916166
Peruvian Liga 1 2023,-0.5876499376611346,-0.8221487394279376,0.7850154658720148,2.26282611219184,-0.07889224774005026,0.07780976369968817,-1.5389309041657344,-0.06994000882584643,-0.23749337577636578,-0.6855858330579164,0.3595841408042255,0.16213867787434125,1.0871668544475142,0.4914112221493807,-0.6431058842660315,-1.1001158923031187,-1.1398700627166765,-0.035653691580308775,0.7874913282925564,-1.265998347466003,-0.9687459894225319,0.15032969086903925,0.7423212002379649,-0.29163706901157854,-0.4733825170290755,1.5126541728235685,1.0260140413357717,-1.1408583053495671,0.5607905809549851,0.8504950290315073,0.2728267361557367,-0.6154547629226489,0.282943012443509,-0.9610306130952756,0.37591881835612384,-1.1173721684442675,0.0319078262665875,1.2693341070796702,0.09014243487897511
Polish I Liga 22-23,-1.045441063321672,0.1373956231440156,0.6724066204944377,0.8987268738504798,0.995074301721795,0.13344536770136273,-0.7862468383374899,-0.15161179133649322,0.045892112638557594,-0.04395969829446887,0.02718742846099328,-2.2241954389175183,0.8460478571248622,0.26051705640522027,-0.3264509065620227,-0.6519287205555266,-1.5711318099530915,0.7168396914604789,0.7478533936524886,-0.39957471179066717,-1.1016471769041858,0.7692707258876735,1.153002146397719,0.2652619547713729,0.6540481845895216,0.2809171518640377,1.1399576131796028,-0.5011716217689383,-0.22630566104826982,-0.8103741215948435,0.2986012872650698,-0.2973221723451418,-0.2268805590441823,-0.8498371456902136,0.7323465425564837,-0.7506109443474265,0.7103957529115716,0.7104373825218202,-0.5126171348040172
Portugal Segunda Liga 22-23,-0.06499719164834976,-0.3270527693203747,1.0472595943893404,1.898462036499821,-0.25582760574720426,-0.5763721394656965,0.06892167797826705,0.9028976484685729,0.6975893135485582,0.02175695458836589,0.3040721131936373,-0.285161588211315,0.7565880144068995,0.16198501034208174,0.07685397355529908,-0.48511965109006916,-0.4153188394719232,1.452648288804768,0.6916058912056698,0.33106260387459097,-0.05151022976953471,0.09315026403493357,0.8405630253380701,0.3052450351587145,-0.0940426991764309,0.2638503154274149,1.3752344894088997,-0.12937713173480542,1.4990546180214197,1.1494519571835815,0.286911987451256,0.5564695466651327,0.1918481008639339,-0.2745281723355644,1.0721270900052189,0.13977618705252812,0.2862289063388218,0.8195424024181572,0.8397098144900653
Premier League 22-23,-0.943216830268564,-0.8071772257408144,-1.4178478103599867,-0.9403241963554808,-0.3186312539144178,0.19798499839085004,1.3188466888414907,1.3168851880020556,1.4259565986366727,2.123912883557189,1.4089326188944025,1.7714883760841746,0.08294876793124754,1.0162227499955538,0.8117053357139457,-1.1318603466110215,-0.8919932416596946,-0.2924003031352665,-0.44307114289623317,1.6363767915335936,-0.1958641518380548,0.8152765655602817,-0.054106232745925555,-0.11911096147046363,1.6928876128910573,-1.0593995213713099,0.5152620239701944,0.5173311037828114,1.170573581573491,0.4693848073147708,-0.704868719708069,1.3538961584934064,1.2807010792925135,-0.40404941751892354,-0.36773572301574986,0.7202563198477694,0.5837367460587375,-0.27206874870055775,0.7190964975570244
Premyer Liqa 22-23,1.1338825468619624,-1.0578767742484663,0.4610167368904206,-0.28077101320902154,-0.2368009308917177,0.13135437963442192,0.13839972643692683,0.6541916899603931,0.7183862822210202,0.5776703454881588,-0.2720671455856667,-0.3148743397405346,-0.5988370350850698,-0.11779414100614824,0.7970522126972963,-0.4709929098385247,-1.0679698938708828,-1.4087608367558637,-1.2704986930500572,0.7519323214417865,0.4726949221776792,0.07975578103216713,-0.5645816791577298,-1.3219445266056302,-0.07221991606616188,-0.1557458416051861,-1.1798394913826267,-1.0022140910422948,0.3536725379116205,0.0663884176870594,0.02513415750626657,0.50365923287278,-0.14518046318585212,-0.2473035303373704,-1.3396297649029605,0.6123136218097328,-0.4697475851993387,-0.6677926664939063,-0.1940510451478716
Primeira Liga 22-23,-0.2566202120530301,-0.7439663091078519,0.5467807919196522,1.5428542557980855,-0.4141886116684947,1.128805835018337,0.4692200239354899,1.234635103951073,1.1674390343620245,1.3102873078064161,0.8754402038918325,1.4230353825046609,0.37011951610531224,0.01697496610718676,0.17278812069383898,-1.1856205894601792,-1.139670400350961,0.3270701574743412,-0.0007297804600451636,0.7254277461635349,0.32712115096293876,0.23210214626513465,0.3448179971876106,-0.14592958901061268,-0.136084017549919,-0.7229940806673056,1.0416642955707793,-0.1873312108317217,1.2142273180886087,0.8923114904444797,0.300610958317783,0.9570980540828625,0.7991714752830817,-0.7175009563724338,0.163170188507148,0.5262744485632368,0.07372663422305338,0.15933510745173685,0.6397358659004556
Primera División RFEF 22-23,0.47814679913385605,0.004462193278570482,0.18396965412249244,1.0192054996873479,-0.5489395035321857,0.30789424571576934,-0.20369601234432747,0.10082697810306432,-0.2759238509900448,-0.05161677380748012,-1.1785256161765896,-1.3329043289009919,-1.4162318407236387,-1.2145112856726725,0.12915265674190024,-0.20093159992836526,-0.36407238463976793,0.3371460769638545,-0.3096531198767906,0.3809389114760909,0.2337550768369472,-1.3322939121478792,-1.2553787124032416,-0.920030652251351,-1.1503580711020223,0.3758806603189298,-0.30997459838149666,0.40961818368367314,-0.10263802339990606,-0.39806783317373773,0.2407898147343084,-0.12626429507710266,-1.0387579690562745,-0.14528377594207764,0.013746478543531948,0.30734699415651906,-1.1645153369761236,0.03295303096871657,-0.03036255762999022
Qatari Stars League 22-23,-0.3144490331849428,-1.515588769040575,-0.4824006311104541,0.0026397801417862208,-0.9542341671864815,-0.6537254105819874,-0.21031437455097168,0.9744996422625989,0.8563071448343833,1.5400725555985852,0.6229198359441154,1.5757580576288521,0.05448173259129904,0.3463495442751786,0.9056506341488328,-1.3857265820896645,-1.074360602307623,-1.7971302614130138,-1.7741621951583624,-0.3344997771272339,0.43585827077397543,0.8560810631969393,0.17222791898092987,-1.5374916943908055,-0.1407157173656901,-0.6628251804323785,-1.524986663049714,-1.153039611902759,0.27660705716226275,1.0523141113712287,-0.6529597051604424,0.5401641375153369,0.827916345207606,-0.518145516749485,-1.785646228285688,0.05067924682337077,-0.16247460739465658,-1.0939059217410463,0.05862718554357745
Romanian Liga II 22-23,0.7379945243811334,0.4254353052038171,0.9764715206376153,0.3321551039483147,0.8890439246962555,-0.9934311015965558,-0.7141626155868357,-1.248692708997923,-1.1005241527552743,-1.014373255489232,-1.0560702507317177,-0.9210523471241069,-0.060427112093037666,-1.2428270839369044,-0.3601195976345421,0.32088036031507006,0.9114569961537657,0.04369155237647373,0.07659311085594413,-0.425127309384611,0.5340234418905399,-1.1142190307174697,0.2633552519287233,-0.03241322741812292,-1.185766867307293,0.992066082509764,-0.8536395699704893,-0.38671240031086435,-0.3181045778195652,-0.38789813269206685,0.39461154621176336,-1.0211264924466776,-0.8589500098749998,0.29073925294476455,0.060142331616208924,0.05444806625296442,-0.5172609683785406,0.06921325626963737,-0.36423837027416545
Russian FNL 2 22-23,-0.32895053798624024,1.1574712403477327,-0.0782466886963111,0.5583367880461837,0.784970768729821,0.9268189281975966,-0.17886536300321554,-0.26764947931183336,-0.5924987502196832,-0.97298901263457,-0.8759673886345238,-0.7518177063475737,0.023090223591451995,-0.585076287348036,-0.39740923512255566,0.7581238595111476,0.25297902255728616,0.33860874584078104,0.8944960286487892,-0.16602352185156236,-0.8006440891796013,-0.6606132077014477,-0.10679047956261387,0.5981554829362584,0.35053668563406076,-0.594878236806821,-0.8139971583334329,0.5617197131020121,-0.08040585173846583,-0.5074387222215445,0.5034000831064638,-0.346337864178244,-0.6325520342746503,0.20456454898195933,0.6165523872447851,-0.4833338055155818,0.045322120326564394,-0.704437697570127,-0.008708286952666086
Russian Premier League 22-23,-0.3900678816633545,0.067705604831129,-1.143549011739158,0.37239995657841785,0.7141441788625769,0.06837714587048759,0.6290758014671218,0.3686121564974695,0.20120909714584623,1.610803718818889,1.5932481641105114,1.1309471509180344,1.5575528121984819,1.0956545754253717,0.9186658980666913,0.6561728125063301,-0.25289456933054266,0.08280006022771566,0.6023276317967745,0.7178096808106376,0.37835030765677075,1.6048019387671073,1.1711466178839105,1.1848901419854951,2.08785394929088,-1.4168843065137806,-0.17508192331481606,0.38958744766213665,-0.7848293800198534,-1.1298215773890647,-0.05183166787665017,0.3996323517034792,1.3976412842942578,0.4406480470808263,0.3425638460122451,0.5480799942337041,1.5121731619818481,-0.7959831149142983,-0.5083545032489272
Saudi First Division 22-23,-2.842008697331943,-1.622041189502513,-1.0339903231048804,-0.8916041835210298,0.6592664252996971,0.6168072215299554,-2.5983861098099252,-0.32421916451813615,-0.15932131244003192,-0.4774189530378174,-1.3867467386964298,0.07936299922976102,-2.9160793801591574,-2.082523399466399,-1.9359173574750441,-3.2609876217871325,-2.5954081812879273,-1.9863471928736478,-1.6707533737188767,-1.858434059048416,-2.154944802920103,-2.358448483894352,-3.283091917214195,-2.370656751558134,-1.9285385475146528,-0.2040790951615285,-2.086026564678393,-1.4304229431479456,0.11914554601732795,1.163946558040866,-0.852261791105119,-1.0273088622560311,-1.3566810944260088,-2.5974377201833683,-1.8285502832962623,-2.0066894309842596,-2.485183925045333,-1.1450528299199607,-0.04911027969658388
Saudi Professional League 22-23,-1.4103716344645967,-1.6765469553049304,-0.637471615273188,-0.9207930156704681,-1.2186532997251696,0.15554136535239466,0.19650716777324317,1.0895443155298803,1.0651168132801336,1.3149266837501967,0.45685121720858396,1.348903774786286,-0.7326601066088144,-0.2808670813388178,0.3095061933336113,-1.459162514191341,-0.4347533088217233,-0.21834560497740096,-0.5971481387409255,-0.8378699972469232,-0.2913514619544205,-0.3260887844513732,-1.194645869521996,-0.0710139716930122,-0.022684713337875414,-1.2534398807907803,-0.18614207242461042,-0.9260235604458075,0.035634057970680796,0.8023085363610561,-0.9513825258476597,0.7837227655277523,0.4214308975594869,-0.5281365432264843,-0.40774687185916325,-0.5646107296006719,-0.40360833475106417,-0.7197909766076953,-0.029360322038023523
Scottish Championship 22-23,0.8646360250202996,2.930725133703314,-0.942414601180204,-0.43427410256024856,1.2294873284687293,1.167343153116347,-0.9492545160122059,-2.4807935273973776,-2.457059823229794,-1.1893741982495396,-0.6049443303209626,-1.2378575159470184,0.43146404321357273,1.0773137439393248,-0.1592794233387923,1.6622500475863515,2.1805433819044047,1.1102157402066153,1.0051508638354933,0.3213967350443245,0.5366893454808749,1.168653682716348,0.45956960304561445,0.6748119418874029,0.5435692392713647,1.2625257557679246,2.001016261619555,-0.24675824042144817,-2.753115983030523,-2.8790363849494747,0.8025838227613727,-1.9623692888797926,-0.3046796514729246,1.2278380020506547,1.0576833020210543,0.42904304026259965,0.7116511167301826,1.6317710086937396,-1.9596368694671487
Scottish League One 22-23,1.0019495728435126,2.578397766770549,-1.152097816430644,-0.6317463042807788,0.6505472737238149,-0.244144748368374,0.12302847118786615,-1.3208722307311123,-2.155556460639574,-1.0024816279328779,0.9345070751793587,0.0875015753907106,1.2683816511952868,1.2731045738833977,0.5485809012333692,2.4542902967144404,3.0928743386108146,2.518691981162351,2.089141768805007,0.025935795445332286,0.4194041892253835,1.0419247249888073,1.0553033143261825,2.036681410210765,0.7559123302272821,-0.030508665657004958,1.9152865693121617,0.2445411960357584,-1.292615823026141,-1.8314069078228177,0.36715095737634673,-1.1178000733942735,0.5122026495431753,2.031915178852875,2.303916874983679,0.2226699923353579,1.2224554449382592,0.9423889518275783,-0.9598271782710667
Scottish League Two 22-23,0.7496414799018805,3.4707308577868683,-0.30794133493797027,-0.46983569998916924,2.903742927955706,0.4804253847574108,-1.8783993357409663,-3.6055885281404016,-4.200397748865306,1.0359587270595716,-0.7135567607164984,2.2540476890342807,-0.5434169008700661,0.5141780909247365,-2.105709139285023,2.046339733020892,3.3214829122592158,0.5933412366515561,1.0355650726549062,1.0048043126428907,1.5758490357870014,0.35551220714240545,-0.0658193234764227,1.2052891354689614,-0.2402477919688476,3.0202424177873266,0.5247866382307038,0.6349942919654177,-3.243114391474204,-4.01893387724971,1.1377939359124545,-3.2281285375822244,0.5094421690864048,1.0873711686650283,0.8144531546532312,1.290326674214946,0.31368355679152415,1.7725145280090153,-2.209017992252832
Scottish Premiership 22-23,-0.7655798109554726,1.4299471993862618,-0.9053021585325887,-0.2281767869394098,1.1715639514569136,-0.9672773748585712,-0.49925873346521854,-0.9574199548215804,-0.9543613679858811,0.042852408507914413,0.6227694667479496,-0.13030265276042097,-0.02236973343749008,0.5817069297148124,0.49145008105873106,0.1292447938676206,0.8464251764069481,1.6649589083089205,1.226850194067108,0.0929452974274502,-0.21222375588015566,1.0563480705924662,0.03905044424366681,0.8663989936856564,1.280613333544187,-0.2669927678584828,0.8830827079446986,-0.4317118933166258,-1.7252446563006432,-1.6989337550646346,-0.04413749674047781,-0.8036800187575599,0.2189312837545531,0.48904001711109996,1.4459045511880142,-0.05963922922635273,0.8106027105164941,0.3080449700431079,-1.2852967682273013
Serbian SuperLiga 22-23,0.11328635221364132,0.3687364021171789,1.5507009849367137,0.45561791683817504,0.7038282593336671,0.48190560315601044,-0.21597574903624078,-0.8671092565375002,-0.7492784211550443,0.047546135245634745,0.31331579484711913,-0.7295583160468752,-0.031388381825011386,-0.18059972871411958,-0.03314276064589152,0.8576278538805315,0.5907494640867024,1.34101123171265,1.0026749914147661,-0.003513625779884666,-0.25539674690354497,-0.12153166307718273,-0.14087721448859772,0.9831393012398614,0.29996126655586497,-0.23994066763732716,-0.23337547822588275,-0.5552440542788672,-0.71869152517555,-0.9786361486711204,0.6123459197658977,-0.610787808909595,-0.11613689929865045,0.47174485244044745,1.171843111563708,-0.12945518634171482,0.25517292255748647,-0.23665807293160496,-0.7508572427085124
Serie A 22-23,-0.25852505128117104,-0.8277214125675012,-0.35101126717753606,0.21663540714947901,-1.5758424722855136,-0.12349641123370066,1.2743809878688641,1.393357934206011,1.2404267396272,0.4282306489313659,0.703176148507594,-0.21375984401512796,0.5905220350856631,0.4246369973414552,0.9493026571104051,-0.40998048936683745,-1.167119469714771,-0.48224297637685265,0.21054605900948364,1.495024616676226,-0.16282689137943787,0.19146526485953091,0.3215242625787221,-0.30038631791958986,0.6002118969440444,-1.6271257318186172,-0.20221762873157906,1.1749606439585452,1.0122154461068984,0.5097920403582327,-0.4866602012326573,1.302721887234025,0.38656119717019005,-0.2092657673237345,-0.1358484586836845,0.666098862648394,0.2032037766156769,-0.9146716802750982,0.8989893768078921
Serie B 22-23,-0.15894895724365907,0.44813638960281293,0.695682804136115,1.109986209156688,0.2797136919925729,0.8404619927673417,-0.23507939228749322,0.12949305418840773,-0.059512790531176835,-1.14091878408179,-0.08270279240347962,-0.41675280081938015,-0.03786573212239256,-0.6682012863023832,0.1689246399803622,-0.5197717313289695,-0.3433179674043822,1.6931842987318568,1.3395823375243436,0.8741927580737205,-0.2526644391435008,-0.5717654500430959,0.039202181737141885,0.8967486357030413,0.04698764780570071,-0.5183490444609995,0.28464942067505056,-0.3998435131088961,0.19847265175200687,0.30405669999657514,0.5358386884019786,-0.05503304287675411,-0.4692882791458851,-0.23138835291766316,1.5163833181281001,0.3107641594651099,0.102793253800697,-0.11684981189297447,0.03422861287989531
Serie C 22-23,0.8390202831933086,0.18889869069932078,2.299393529284793,1.550432681282958,0.5318520306113389,0.10156876022061759,-0.2666287446526724,-0.6840298679522989,-1.018415395425164,-1.0302094802329105,-0.8951712522522554,-0.3364091714781541,-0.6681669711577131,-1.0104344254220745,-0.13474579741477566,0.5328625964024553,0.655701954553919,1.119792780903184,0.9004656083003925,0.3209641547897469,0.2716520978297459,-1.0117541600165203,-0.3797926398301168,0.6141227757512954,-0.8646884994415341,0.2169950152402342,-0.5040291820527094,-0.456239769738063,0.33241771210250387,0.13944661853157678,0.9185276625487228,-0.6563580026767117,-0.7880782601086216,0.35127291784719955,1.0101291946017883,0.2963081263097464,-0.41052813088421897,-0.1435170834062376,0.0052081869653392105
Singapore Premier League 2023,-1.6492616805054263,-1.376522855443353,-0.8564086934212403,-0.29833029183953524,0.0865881762304574,-2.9798524492650222,-0.49879098877348915,0.06035209215495228,0.5689989664446998,1.5181562597573413,2.2692617112169975,1.6233712301759124,1.402616657468093,2.096210032792226,-0.30941341021719787,-0.4109247261468736,-0.6050312063670018,-0.13338768645592064,0.026698633069076952,-0.9900655247402729,-0.6324095505850391,2.6861195278541463,1.6353502625225835,1.040879497819932,1.278468462353794,-0.5909210584168303,0.5233225025521282,-0.40152952248478907,-0.3289337450250971,0.3172507420509753,-1.1789646323740202,0.043520023275387655,1.781923178282114,-0.44178978091035775,-0.053344526693421844,-0.8112375376626559,1.660204437637614,-0.033799277932351046,-0.1377375084863036
Slovak Super Liga 22-23,0.8668452684360568,-0.1769443768148766,0.3860358885958895,-0.1939791002075419,0.9432331417867748,0.5429339371252316,0.40776106071415685,-0.44894133136024,-0.15013667337115855,0.322311190310521,0.6236729284841854,-1.1902849053930527,1.9387411830088452,0.6638637464106356,0.8244473673819078,1.5167993736898178,0.8449445611177755,1.6465243040198292,1.4224418920219541,0.9313962230121504,0.533401079134931,0.6276928353348433,1.8031916025157273,1.1914211558097956,0.8913892805539654,-0.9277594428959816,1.3947082824679826,1.0919525210104553,-0.15561261427780837,-0.4024171953981316,0.39468745982025566,-0.0637723146724139,0.471660828564227,1.0620637673965003,1.5344830980208917,0.7323986510735407,1.1284237185535828,0.23347441978600053,0.1779742371115051
South Africa PSL 22-23,-1.8459238365497954,-0.14751512920032403,-0.03357069757082865,-1.2079679477849565,-0.634849320086108,0.8048362140829276,0.35137309710055986,-0.2803086121839807,0.18230114819743395,0.39733065676732165,-0.5354841416484741,0.06764549787021576,-0.39704027127193553,-0.5965446365045483,-1.3832503902366158,0.7138327658376626,0.822725356339871,-0.2176836053400848,-0.5279596819589633,-0.7597873391694313,-2.4064897412184107,-1.1283722032118446,-1.171413741591238,0.7581647542213766,-0.316018760979203,0.5806203408665297,-0.6375093394542971,0.22744400567688808,-0.3195920969642375,0.5357234602789005,-0.5108317861848474,0.0844552110380044,-0.21281857895748413,0.051102577313639284,-0.372821643649524,-1.583138540193921,-0.46440998789022725,-0.028444499293883707,0.147858456330517
SuperLiga României 22-23,-0.25514397314399334,0.5047184432216224,-0.3273597079183261,0.11730346954097738,0.7931560923868115,0.25656814589636195,0.32475491366592285,0.015574180211979418,0.18791717873180186,0.2652499828360176,-0.5039636753976044,-0.24113175098537906,0.16527272632625323,-0.9098733666020655,-0.3312451291691323,0.3480812590191475,0.14255322907671272,0.2546776941950485,0.22281233148674348,-0.4733040013948304,-0.23209767142532675,-0.7127442753381981,0.053461234418105845,-0.2611195316824152,-0.5463396091314688,-0.5905552589743474,-1.1390827649841093,-0.4090165824505216,-0.3805245572713997,-0.5181732337275892,0.18154041166390897,0.17608209086990137,-0.24488921676455563,0.053129786308909306,0.238745012840896,-0.3527008364100786,-0.3666855454334941,-0.8648190119792283,-0.4359047911498368
Superettan 2023,1.4070755351761646,-0.1905138048665739,0.14781921522686622,-0.32701220486558297,-0.9086949845658805,0.7134302398454325,0.7282586053193232,0.6181001833017328,0.21468459822965022,-0.41324066787899905,0.0722284119627419,-0.7020145478578628,0.4989180908472104,0.5719719943337733,1.2482594109711693,0.09622502878234687,-0.46542610006626617,0.5266865225879801,0.2827866312129985,0.695209932069356,0.8893516565925803,0.15756264491652242,0.7275045782653227,0.5000214596661697,1.0921827102038466,-0.4857729508785688,1.4475077134457233,1.0452662675660396,0.4614106843472363,-0.04510117188538693,0.14035066599173765,0.520347795616902,0.005572656281372756,0.2930194465624167,0.4047365769004893,0.7922807943309682,0.6193178482629653,0.4808673812835772,0.487191926675963
Superliga 22-23,-0.754484761105797,-0.23967451096186773,-1.6976108149095224,-0.7444938781462003,-1.3082755671671453,1.610867551234548,2.046740980659268,1.0787775784733664,1.0722582725657768,0.7443081287666952,0.8856817151690761,-0.1335287504209238,0.5947950141609172,1.017886528095772,1.0437638013495247,0.7137082890932025,0.5403705048116401,0.6572643906256458,0.8015463588952955,0.9366899430940372,-0.4496055387500581,1.249145427783396,0.42090669867655556,1.1389362522418056,1.2471622645730385,-1.3358625543252551,0.5920646560170899,1.0396091849984568,0.4967599861434093,0.47069510450190843,-0.5222786635093308,1.3992589438994703,0.6218285271543074,0.7659475317514558,0.7294053747604706,0.24354220217198955,1.014037660818699,-0.3718989491540826,0.6690214252145915
Swiss Challenge League 22-23,2.6974607053495125,-0.17366668905866883,0.5572088810455922,1.3996610937186693,0.10846423909625827,-1.7778835419461374,0.2880872363834096,-0.3708510674074219,-0.02689012796850753,-0.002162411011809891,0.32715709821062716,0.08424917877008045,0.5919128902136576,0.6436765332312081,1.015762607451552,1.2960982114728115,0.5954171379147305,0.40103469636503036,0.24493164066593068,0.4013411984277976,2.4146821412788757,1.1164604237932625,1.0864793040827767,0.5842990815651012,0.5988073412269319,0.5484260253619223,1.7094336051756556,0.5515413410665951,0.4789581377676728,0.709904205658988,0.4685407813675377,-0.03655131966417328,0.3289666578827527,0.969092652279698,0.32298316851548053,1.4080116698533367,0.846511537667018,1.128929815268789,0.580134561497752
Swiss Super League 22-23,-0.19955352016685193,-0.6760929115758298,-0.6308086472465894,1.141310062911315,0.8730723993482573,0.12170696249752685,0.06334015857881484,0.12853933720528263,0.42903637843565845,0.7398778423094577,2.2045893876593525,0.7984933356700407,1.6938377888140173,1.7474028280672944,1.2426275520025838,0.221992639962241,-0.25431269603966644,0.6347108868148946,0.2931554172988197,0.6291224562605526,0.6284060081700166,1.7324660352457173,1.5502565431465258,0.9998591168517103,1.3523290678319455,-0.8602601397581469,1.3153371827440217,0.883674677951328,1.0017067986296475,0.7533197095106423,0.10493905762797139,0.20697195807325197,1.4368402365040325,0.4034358319750528,0.46393315205685715,0.6287642322152847,1.4087276907689747,0.2275385214929374,0.8795670620305392
Süper Lig 22-23,-0.9547614602933614,-0.8977338536844741,-0.3016188491695417,-0.023480984749060626,-1.0720607370316004,-0.6180290699287838,0.6726069299282701,1.1185646147141697,1.0502124728568016,1.1845465954475287,1.4330288664400388,1.0109601101332293,0.44333706619122243,0.8856678375493776,0.7009432364218515,-0.7387882991382004,-1.023436911270219,-0.055442304201354514,0.00313202485663627,1.0281791503462854,-0.19709353352326822,1.0134191328469988,0.2374999763664435,0.08262886088556867,0.4221803546872938,-1.1206068630417758,-0.2622326672329687,1.163901914673029,0.8598453491904083,0.7981646482081286,-0.6446141591428036,0.9471280058330805,0.9915080951522797,-0.35376065799552264,-0.02615513967235912,0.4155428084115086,0.43893208119657623,-0.6914197651373722,0.9406373040238553
Thai League 1 22-23,-1.29985543852205,-0.8623281399052489,-0.10271328418110415,-0.031987043036355196,-0.8048524312003673,-0.28229826729941515,-1.0466873073673406,0.22031276558643353,0.3820396608565106,0.3702993543537754,0.09341763689941515,0.206307610430172,0.3802097681737733,0.25545476232370146,-1.087472856724809,-1.2888292599010125,-0.5285614826461263,0.1543193102872007,-0.0803136824998482,-1.896772937500774,-1.187987860874275,0.018459712804199994,-0.033834907839042756,-0.13118017046395766,-0.3653325919943437,0.13069352875134824,0.18134881266125896,-1.3362283106289734,-1.2216621174797775,0.6054348393103046,-0.5640057673574234,-0.14811162697479882,0.2611378264361674,-0.9682878664239828,0.03700281389367625,-1.5423803991875245,-0.12797198937328602,0.1560211707063036,-0.650818529599482
Tunisian Ligue 1 22-23,-0.2859933397664553,-0.05120720437460859,2.4960038808777667,-0.6509910987967159,1.1632224174471195,0.3247912132905022,-2.0099663311951512,-1.493468064511485,-1.1846242681257475,-1.5814100031473874,-2.459903666288369,-1.1013400203237704,-3.009167707638915,-2.296198803894973,-2.1583072087432678,-1.7455007255669688,-0.6964524087455276,-2.573938869884995,-2.25850109341051,-1.7099591222355155,-1.244548748546249,-2.202439150189581,-2.5973486810409967,-2.3439222231699444,-2.1513573650048783,1.7859669434007226,-1.944872386464258,-1.2819622234567876,1.0202872552418318,0.7244615380050864,0.499304311446268,-1.5626862212774613,-2.0896040402586835,-1.5334201143519215,-2.4162199816477523,-1.4772539353908822,-2.32376685485135,-0.07945272153176774,0.15426218993004356
Turkish 1. Lig 22-23,-0.6068610669806818,-0.1815364820948894,-0.1036838923265184,0.022833437091092656,-0.31124860728924886,-0.7742536537925916,-0.699714744201386,-0.13718373332448366,0.17661182761530334,-0.4193641922753378,-0.9301622385277922,-0.5822066195634834,-1.6874467110492906,-1.0791230492672874,-0.42545871241597033,-1.129768221256252,-1.182350823870313,-1.1985990914014901,-0.9031006869488658,-0.6039669140582362,-0.41517811055958764,-0.7311558430458911,-1.554345742266695,-1.4858277661102512,-1.2048939327602262,-0.1913049503784744,-1.99410421610443,0.004112691751443023,0.880886591302253,0.6692921801329779,-0.3257917108988062,-0.22009554997018876,-0.9396605621366383,-0.9125259191808451,-1.0508498891751779,-0.5095725123089119,-1.244055821045766,-1.0927045832414521,0.518097154395558
UAE Pro League 22-23,-1.0916193669985932,-0.791074524863855,-0.5110822322474438,-0.5089898611365433,-0.23943502257238075,-0.6518140277291061,-0.37702635721621147,0.4357249459656268,0.7777535638106962,1.0683940454021221,0.42006691122751455,0.9255360886399185,0.21251582993435938,0.5227916008074481,-0.3207579378624534,-1.326955983074527,-0.6645523866552873,-0.6702845482814966,-0.7222087878633838,-0.8708573807142428,-0.3667415432317525,0.6051882131831245,-0.15421091250314325,-0.620854078401181,-0.06337993889682857,-0.4948876105469679,0.7218016711535784,-1.2972953725017158,-0.7294564078637656,0.03934698249814205,-0.632335839257987,0.2788173841867038,0.6298608952022725,-0.7707554358640892,-0.6962466680724402,-0.6187994619729976,-0.05831417915450707,0.11345703030330526,-0.6624682659557798
Ukrainian Premier Liha 22-23,-0.6536577309217946,-0.5755922661116689,0.25576854768626167,0.6013195849251696,-1.11926784912063,0.5879366717094058,0.81159945204322,1.071778243341849,0.7225872426653022,0.1845480841053277,0.2840919675302107,-0.12814915028246035,0.26341599379880226,-0.3511026246265704,0.5947814184412646,-0.03876497852098139,-0.4461507361403552,-0.21085446586220344,-0.4172084934564136,1.4626764319197754,-0.5309137620740189,-0.17471818717094473,0.23581029390405975,-0.11278956071461266,0.4140264842144906,-0.7881203223232646,0.4004310734650348,0.282908543187417,0.6811094227515909,0.790860554162083,-0.1505821736388761,0.8686549793501236,0.05056085410506197,0.03662190125997602,-0.3140314796593085,0.46588133492287825,0.09058225755824825,-0.19384462442911488,0.5849595067003636
Uruguay Primera División 2023,0.0542169624256295,0.09283482981620106,-0.4511967305162755,1.8957480443078627,0.8418010561584295,0.27930419110324634,-1.233393633224095,-1.15613097775639,-1.184349005450161,-0.7867393590021435,-0.8093542956395311,-0.9685801129182638,-0.055901226666668156,-0.677707148838762,-0.8970503605991232,0.26864311910258337,0.36003111397411414,0.398310520195308,-0.08189214817462286,-0.3270825978097339,0.6480308614304039,-0.30144931317943197,0.00038101323155575827,-0.0457471401505319,-0.7603595185566099,0.5466816964843473,-0.21583295678739114,-0.9391647622531926,-0.42338923095952,-0.4159455379234327,0.45211805888251555,-1.191291205476882,-0.6596564286130737,-0.08945870917414189,0.15820918601034256,0.16047413181033499,-0.2767937396637545,0.16542436984847808,-0.5928331770453817
Uzbek Super League 2023,-1.9988742426466966,0.3395641351857016,0.7454947440229939,0.19533298656542725,-0.499587470669428,0.9674541348743965,-0.9205879087041623,0.1398613726565064,-0.2649359625500968,-1.2624405908169956,-1.0930590109292706,-1.1811431162083104,-1.687083858365207,-1.6008071925578236,-1.550236426449,-1.1643980698316834,-1.0726598361285669,-0.45100625404736056,0.21179838197320303,-0.36848624333866775,-1.8056472518253337,-0.7807593682479207,-1.3887860101950653,-0.6680248361541639,-1.1641857834040672,0.5300558052337841,-1.8773466386335484,-0.888983355998058,-0.52292985403044,-0.2671832033711165,-0.04176928544460088,-0.3485541661992509,-1.3649067537755213,-1.2624314441364168,-0.11960393603707876,-1.0870667475820008,-1.0004389995003042,-0.6736454166998822,-0.5596988044665382
V League 1 2023,-1.7425473182974556,0.1284528114129703,1.4622253469013933,-1.3559080980038216,0.8471059507195792,-0.7104551803107891,-1.3438148867849038,-0.5815137712887147,-0.3971715812843502,-1.2483264732239792,-1.0018240806522596,-1.8558070855753128,-0.285440981030648,-0.5395862019781051,-3.0822024813558047,-0.6257584278371235,-0.8772016658477163,-1.006558403315195,-0.2806680214161379,-3.3606948240221395,-2.4438493335982594,-1.2231793089700815,-1.0315915297685592,-1.1590426149424056,-1.533265641496555,1.7995752379543393,-1.0137722431281417,-1.3560024333205458,0.1693370448072613,0.9458458006455551,-0.2285210812630206,-0.7741667464526563,-0.986196964492061,-1.528387525013548,-0.6436132123656665,-2.902272078810199,-1.2367697737944003,0.39290149741309877,-0.0802731959559098
Veikkausliiga 2023,1.5867552121970072,-0.8743473706602523,0.01502369299460032,0.2309818895677157,-1.8252437355814184,1.6965149308445215,1.0192144053152292,1.0339909738990092,0.7447560130911288,-0.9972114435965406,-0.42881260865361487,0.268879871536938,-1.0008102603722284,-0.22427867501655324,0.9756651061916151,0.04785758630231139,-0.6944689800761863,-0.32351428101976404,-0.23870449790074064,-0.11363899587972903,1.3075852564506671,-0.3441554523118995,-1.2544512577623945,-0.18532846593984303,0.2942422591326826,-0.6220427004645407,0.6558958689385366,2.482509095424867,2.0314958258736135,1.4101356338492237,0.13828076989369567,0.9326537974351224,-0.47644662322039977,0.10968457080591339,-0.2811093894602523,0.5969731302854691,-0.37242322922036364,0.016926584236997944,1.9747135183825684
Virsliga 2023,2.291970154045868,0.35751893603822005,0.19955771476543036,0.2001932366315779,0.402932319096457,0.31812856838453046,0.3087345197531908,-0.19258408888730433,-0.5194294271379875,-0.6858422971339452,0.8857358203691771,-0.9632159359484327,2.4763669126786367,1.8481302974588512,1.7322596567897128,1.3129151479166057,0.5132614423938093,1.665741384170945,1.6635834554727094,1.5464985567078182,2.577499899687619,2.2183035262531297,2.7774186229085625,1.578360485988738,2.8199249944913483,0.19534700416005316,1.832764059448275,0.09420190617202544,0.9627957239906606,0.4482818665610516,0.6283834881603473,-0.13442633209070035,0.7122349594848574,1.1861454157000428,1.6646624198218272,2.0619992281977186,2.3485019074104443,1.0140555318041642,0.5017598322412459
